brightness,contrast,edge_density,style
174.56984851013794,16.09449465714762,17.77413898138007,Edgy
62.41225286500942,47.520917372015916,36.948883558626676,Dark
170.84803096720754,60.57645203698019,30.807269124567355,Bright
220.96318407315715,84.6296266245862,78.99519277563542,Dark
71.45944451021968,0.0,101.9114583132504,Bright
109.2491860962207,71.20302957192224,12.65104571965692,Dark
69.02152073447806,39.706707234359065,71.4539891980888,Bright
154.40125569520893,34.76411820317458,22.981436948729247,Edgy
87.56418521437405,122.557167816608,8.512662880629485,Dark
118.22864394731401,33.90261008253217,109.49180321429179,Bright
119.3162327441211,30.322989850874087,18.719367726994815,Edgy
210.60259038913944,65.46924084775225,76.92560206106153,Dark
0.9528676343371671,27.95264528473799,19.776581260667495,Edgy
176.35281420501695,94.11878925221791,77.31355786934547,Dark
127.60325441704022,75.2460603481479,81.37115017203138,Dark
45.22577646130625,22.783562004083965,66.68613057052193,Bright
185.84682813392376,125.23036866322782,32.93284672347548,Bright
134.19061425007928,98.72891032379277,95.3258109701068,Dark
167.1212256147905,46.27752748765051,35.48349629017021,Edgy
62.60647079009803,0.18653612411143428,98.2446117277529,Bright
224.44825933378462,51.34593649870558,75.67747342352413,Dark
41.755669852658656,67.84545506109552,6.293606647191673,Edgy
6.978025929458212,75.31519646048933,38.436340532545806,Dark
255.0,0.0,0.0,Edgy
178.20690555494107,64.38448206833274,3.0062586815841073,Bright
170.49675446227445,58.75589554777538,35.80519374758033,Edgy
95.7398499929026,9.832198164856933,26.72225773774847,Edgy
181.39206908026557,71.62188298930462,11.341318933668205,Bright
142.80678645071623,70.1153309780708,94.97298250692235,Dark
179.06618265113494,99.4994583870266,39.93514037945184,Bright
139.55352898442425,49.67184453854549,33.42148894846496,Edgy
113.0255137098452,23.20626944599845,110.50757864807593,Bright
13.852721375995117,57.201719423697725,37.260944681736014,Dark
12.272469190075512,68.31171573436399,25.27438518866762,Dark
144.1195308995277,100.16303849697127,84.29626875044448,Dark
69.366280970998,33.57980326511777,66.05382742256563,Bright
183.64654508173834,40.17069952511471,0.0,Bright
197.14274837697286,28.743678901381365,11.712519046209607,Edgy
32.36967026617705,68.35494721319661,5.571514489663933,Dark
52.437300416492064,48.47825777080687,33.86792812124758,Dark
143.5801590153186,11.904191133535221,125.62011917212284,Bright
176.24655334677448,72.76639441438935,30.304606052486488,Bright
6.302350585019269,31.262981266784394,15.164326206296948,Edgy
35.09055017063906,75.22598804375305,7.561436480127163,Dark
156.41988599346215,34.26449585599373,32.05185394421868,Edgy
188.74942501175227,38.00629481133568,131.48420585076582,Bright
96.98167759760562,65.28737108615326,27.642656775140352,Dark
184.44348199867872,31.918522540224497,16.287135141444523,Edgy
49.50722376037869,112.53362575524676,0.0,Dark
167.62630442881445,76.9472212579042,56.340069249278756,Bright
221.7744097379383,86.98598242220916,0.0,Dark
190.6388543613201,106.2161741192255,6.732954210084131,Bright
169.12128611473756,33.78165044931468,28.413688627764117,Edgy
176.12567529943342,73.86790351094771,56.7244285128322,Dark
101.98414356854249,65.12077259733869,63.49344419692665,Dark
169.0704249582481,54.05340782953177,36.96688298784871,Bright
14.235518359348447,89.11114669154514,18.455549646920723,Dark
255.0,20.364228928278123,11.441993013542906,Edgy
140.53909320503948,66.41144101025631,75.96370941603872,Dark
131.05367275079703,47.90124254184667,36.54764468929859,Edgy
129.59874683539917,35.83978808314184,23.786722537509913,Edgy
131.5039301150643,43.309473869991805,29.02307623756331,Edgy
118.27424281727912,90.70701229468374,52.510626268068755,Bright
240.23401221684162,72.10176897403137,96.24246072623265,Dark
128.87641587089485,77.85365831104723,9.274746699455989,Dark
189.97672325944495,83.87056048314489,86.634172005857,Dark
177.61188396030585,54.41652634701359,8.651338976094209,Bright
8.13758112547032,31.019347426561833,11.728341267427226,Edgy
132.48792823191363,60.1972547144145,42.56941608310719,Edgy
173.29061250772423,53.00975158378334,23.86081757012885,Bright
65.44203030472602,64.89809149260148,3.9037749107329276,Edgy
169.07545816354371,19.638771922101185,19.504071890828072,Edgy
35.07477537297156,72.06011190866938,10.83178955779708,Dark
79.94293872277743,59.3757752915607,11.486346317892675,Edgy
146.5119725643726,31.00735927796248,21.843689849759713,Edgy
45.745276982143494,57.19847953265563,49.35713075178331,Edgy
170.06142180707948,81.45456300885137,52.07215725846825,Bright
45.365211610739266,94.46195302906366,7.484637072810386,Dark
138.15427485185245,48.802488076869594,117.7183131797628,Bright
133.16584493767562,30.483146677367735,19.335975930757602,Edgy
184.0437813944778,45.572842655286806,0.0,Bright
132.57560853368525,8.45935138543554,105.48178962688914,Bright
159.22362430714705,28.23675238980421,49.94966738519767,Bright
77.14604935494039,84.09694294342302,21.648782420057945,Dark
74.8440465387459,68.84998811310737,26.38278920563951,Dark
106.97341612555445,0.48364551046109483,43.99744744190358,Edgy
73.3157411812081,54.91258117968235,58.3944303156931,Bright
14.737003228402543,0.0,66.38635310717197,Bright
70.77830694609241,64.01734106094092,2.431307822027847,Edgy
175.20686421706426,37.67932753016446,5.7836321707224485,Bright
207.00063697629776,24.306190677136982,7.353283217829706,Edgy
102.47747672526985,94.88051986071758,6.442504625800652,Dark
39.46347253575341,66.97504935148194,19.501713240705378,Dark
117.22545115617673,54.590112696988626,71.66813417066355,Dark
70.31015121064146,15.314263766622545,31.1472586200175,Dark
165.41235907975835,84.77018889795976,70.06825550105032,Bright
61.154805283630324,0.0,33.112389532552086,Edgy
31.05629687594103,53.42102290716863,39.68638208426334,Bright
172.43694275978498,50.23316714979088,23.327532056443353,Bright
173.859322595625,92.29805299654024,82.270104092367,Dark
87.8878919855014,13.169691552999957,30.236252049097004,Edgy
15.364281525738718,42.46195193416249,12.795527666357899,Edgy
32.26206202019547,30.334476628798388,44.69376679265053,Bright
175.13904477297604,78.06115407204834,98.56273638445805,Dark
41.576416567028105,59.66336094265506,21.74459591914321,Dark
99.177316871636,17.880123905986366,27.543269841519297,Edgy
172.15398746348313,10.018519876394365,6.317775934584489,Edgy
175.7913389288035,94.6175088742754,38.996374631708576,Bright
195.90861218761137,60.007159930446555,0.0,Bright
74.22862368953398,77.47485151293458,12.800436490316287,Dark
125.39889744052248,34.58921167713723,30.253308301307346,Edgy
31.724043982508235,22.47022251993837,65.50149494095061,Bright
187.15959879002082,75.75191577494567,0.0,Bright
30.62363834524018,12.429151279243477,62.527400567292375,Bright
255.0,40.1390639023019,58.1002714852477,Dark
190.3715839538399,34.9497418564613,30.02014848464281,Edgy
137.76051290160342,46.660491530748736,20.361871364900942,Edgy
18.10828534266318,78.12036412772954,37.03047596012272,Dark
187.16844136778445,75.17034870228899,0.0,Bright
226.35517520469188,12.881995706541026,17.13568723688706,Edgy
111.13816760030785,27.964430991684253,26.478819058699493,Edgy
0.0,75.53693196558541,41.585541151007426,Dark
175.7024812829414,75.38180552504646,43.63754037246621,Bright
196.9324811255365,84.57483185657067,110.40744895146048,Dark
92.28599468200565,71.39752937703133,70.30278784890831,Dark
186.03372922145886,46.19167794800922,23.88197973201074,Edgy
211.3184821104364,92.74260169207861,81.52149602178949,Dark
77.39207823450752,20.157131610074313,94.20773109899031,Bright
20.482708240631865,25.90712095831705,50.387009292072285,Bright
174.69450230684345,58.981333949663195,20.138940880445855,Bright
56.641563924601996,93.24201010015136,21.11316065186809,Dark
122.28597620606473,92.75124585949052,17.36364469432945,Dark
169.80334213421173,63.691977154383565,81.05235475326043,Dark
142.50657425552416,65.0867712045049,44.39796696169365,Edgy
196.4749102956235,51.507210064497976,63.901902399909744,Dark
39.605679175058796,48.2172119590409,40.45428474072677,Dark
156.27513070902467,0.0,42.14966288373871,Edgy
18.54940060443346,40.64900428762637,24.098368956112644,Dark
146.88853921338267,44.82255802733876,70.589163532482,Dark
239.91113036481573,29.573957389799432,20.349657880148545,Edgy
232.0026387201682,34.539732701899005,24.145070183632306,Edgy
164.7431250762677,76.30503959987483,90.5528975619799,Dark
27.565570074942315,54.20258964353106,31.296307958634408,Bright
39.24167524591566,15.250260578478212,57.31624430769755,Bright
103.64792744018308,89.74517808433563,45.51083817186169,Bright
255.0,49.01349809398093,60.504921153449324,Dark
119.70649014246258,27.096776784261376,24.547257273685528,Edgy
164.3652332497189,95.093997137989,84.1803286723891,Bright
133.84489368170006,24.04324047795079,104.39082894161018,Bright
193.0208008686538,14.883553231817473,1.7997051304996603,Edgy
83.99861779115471,47.24356786424568,10.721654724757585,Edgy
167.2665788094689,74.77288490987537,61.6998209057896,Bright
182.94497948236193,45.46256336909444,16.302372508028434,Edgy
90.43168109818312,8.680748208851924,93.86250179404917,Bright
87.06857981359897,13.00450043791593,29.72606039859178,Edgy
175.69651913581333,9.712412275980668,16.179500469190614,Edgy
172.45549589980993,48.1456178220841,25.132956714745426,Bright
173.81822457277548,73.53302620329515,45.85804791002441,Bright
84.15972582835562,50.26278978989292,11.272225691761065,Edgy
70.22070512062567,16.88484326124903,84.77740560814802,Bright
158.26687335539168,122.24858915968964,0.0,Dark
184.4113887422819,65.79171983754945,0.15319168449937592,Bright
114.63141824489699,20.98183324398275,25.54763065704533,Edgy
255.0,81.65748051964377,94.15702963649963,Dark
127.30089340978402,15.720760202097196,122.16710413589374,Bright
177.81534994382793,100.22826550315057,94.79940795789315,Dark
129.09425200606248,37.31681049634163,18.33258151234252,Edgy
116.33468888215081,57.16446678518857,16.416025568211126,Dark
228.99910346519778,92.87196150611703,88.29641990334915,Dark
182.59775970383197,42.77508294919554,0.0,Bright
131.01058807323443,22.229673835075147,26.942899751499628,Edgy
250.37437701402115,13.913690962691014,0.0,Edgy
200.97011010185713,66.05406993077793,58.52859099686877,Dark
173.05179299951243,59.118359768924876,27.245111236133333,Bright
190.69202840964095,86.92576689625474,0.0,Bright
26.850121878413532,48.087116014394866,6.963946070073739,Edgy
182.55778396448972,63.9665738913795,2.464551628630801,Bright
187.8440584775697,89.39887644221196,0.0,Bright
79.46732543815762,25.125628105786753,88.99371379223561,Bright
51.09341170837294,34.819568465571535,21.357721376006115,Edgy
63.60167722818112,39.06072551476942,66.30762575494548,Bright
204.66703288261982,114.61418925826207,101.41772108858915,Dark
184.9476551787689,62.895442353865135,0.0,Bright
108.97873013570612,52.646421841664285,73.18911412308951,Bright
230.9398867140082,46.127898574138705,65.28360266343066,Dark
180.8902123712628,7.7657717949035145,7.204046884256435,Edgy
206.3832773758905,80.99773178483323,0.0,Bright
75.75022553597117,42.044281350563914,35.324940105893326,Edgy
102.36790815233067,46.24114484680518,90.37824037405474,Bright
141.06590649763552,58.12370091559166,60.82478001197895,Dark
169.5282274287948,68.40163221058353,43.29010777212804,Bright
186.73823408719298,68.5877623970027,0.0,Bright
176.63002823372443,77.27457823927749,24.88582654099125,Bright
122.77959274279885,30.607260667814174,25.313926922092158,Edgy
83.03512964697606,23.866422842816725,72.51376295823985,Bright
222.285157446349,32.32032372815039,19.58220709743881,Edgy
164.55849407444413,68.83179924173743,58.604738612343006,Bright
107.93618759648832,27.951116723217005,84.4906987637915,Bright
210.77547574781875,30.6703832879287,24.268567662727566,Edgy
27.069264713845058,35.52876952426492,15.526651685294873,Edgy
101.09297488755367,43.04964776078246,13.550556693627122,Edgy
95.77552226636891,77.29461147996487,12.59543691402017,Dark
160.54635348512204,44.010057117596844,58.323228393020976,Bright
177.81035039631527,43.137328538995824,0.0,Bright
107.98299343655033,87.23505446210314,96.19253277484788,Dark
120.34922507561552,8.163974866080878,108.18362127262434,Bright
179.24415946608755,60.70923425397497,16.184761410458734,Bright
165.99784356478926,97.6938336634259,76.77071751980273,Bright
207.9513186599398,26.485534686525348,144.8964932097388,Bright
111.90596182565696,46.79356590108231,13.880353384138928,Edgy
179.10625684022483,89.51419114414216,30.727892759599513,Bright
163.86650208613946,2.0635513437487276,30.026206392962802,Edgy
68.6221452978096,21.878683376398975,77.11219857105368,Bright
203.81982009557228,64.65844993705267,78.84640258271875,Dark
181.303753616315,56.08311146449654,0.21532248060645998,Bright
14.286187399894004,75.21855406008157,0.0,Edgy
230.1069845829269,84.12609184629467,88.3918045686575,Dark
179.80718844590024,81.00678150627485,23.609209523754007,Bright
55.239715552408484,84.29758044266237,21.537338917054914,Dark
30.815265188034118,67.19022262868734,27.915293510540543,Dark
48.057932292533124,57.50944590828486,41.691062330742184,Bright
255.0,0.0,0.0,Edgy
133.36757386610205,52.951258341813734,6.952728736707762,Dark
188.98878432875316,58.94877985088567,0.0,Bright
88.96153906000043,43.85291108158357,9.31680266792624,Edgy
144.6035866487628,65.41943640065698,76.2279618222343,Dark
133.9437403967097,37.29582492661701,28.151010068655438,Edgy
46.53590959481534,51.74463431368949,11.533873561609937,Edgy
110.02264121883196,3.226568511575195,30.566632174822793,Edgy
65.28924010042631,63.25876796146341,1.096399922342819,Edgy
3.654861363390282,72.95881697244147,0.9966113549648696,Edgy
175.5849309515188,102.27724816247259,50.983483939328984,Bright
188.6618334187206,83.69925719137464,0.0,Bright
231.75699393652704,53.23524277188744,59.74194769225777,Dark
49.22918401738316,62.6862430254814,69.46025654345468,Dark
138.3642560082664,68.28518555751421,87.49407344360166,Dark
156.11424192875114,59.94254059733897,66.19546361486785,Dark
165.82399996211404,0.0,4.7446871415278125,Edgy
84.64909473217487,76.02068686736891,41.00213917455493,Dark
229.4290312672441,28.63739421327086,19.203804022078725,Edgy
140.01980532244278,65.56027351408501,49.54846549728157,Dark
69.67826616175734,0.0,107.49441336300987,Bright
86.22346065993901,24.631387899830095,16.183784334976544,Edgy
158.05850739984612,72.93809431577955,93.93380956918145,Bright
20.715216404312145,72.52416565629724,26.28630666702683,Dark
182.459738027227,41.540176955495724,65.70679663275968,Dark
166.75881857109192,41.14639912248252,28.656659147632247,Edgy
0.0,90.96300082615014,0.0,Edgy
146.495180166151,49.82733337093902,30.303811427872446,Edgy
41.503711609890416,45.867689020964654,52.09893661723006,Bright
155.0400883543673,57.02536125618917,10.257756469520409,Dark
103.35391254355717,32.871698801613555,19.38120829810479,Edgy
41.548560900872204,58.11840341637293,1.0021117638109658,Edgy
169.24055677372107,43.712519806598436,23.240646643934515,Bright
177.30841635132708,67.19836637371536,18.33622133000261,Bright
50.48010722903362,39.71425459747563,13.33002466942198,Edgy
130.89111303825183,84.72608473532131,88.23409069493837,Dark
30.32222419939336,46.460109803609,39.63061382991505,Dark
202.6531290231333,50.28963957908798,62.69048125296754,Dark
17.197245798264333,30.394316140315702,49.64450304621601,Bright
188.50138895702932,16.306890609519314,15.072934679439449,Edgy
136.88424914537222,70.84574101776721,75.42241002458456,Dark
183.7431104381253,57.21626956247959,68.65182227697068,Dark
230.71641474362843,33.447778203987056,15.859001450722815,Edgy
168.65409287610615,36.93294212228505,119.37501674293395,Bright
100.64799902700442,61.04996622272568,50.975904823800725,Dark
88.87948846476299,57.15398655949599,35.84071979131635,Edgy
193.98388045929508,32.68703042815538,21.365825621334317,Edgy
178.53612743158354,75.78637290436586,11.24458716092061,Bright
192.86643953004437,22.910962732744125,20.487944171026964,Edgy
180.18196058621623,26.460751275972633,8.369227776296924,Edgy
171.21765543281128,19.85363289359727,9.4777568194107,Edgy
189.11216600668052,35.48646043941879,20.346727507962374,Edgy
97.80550729987972,8.03157101797376,39.85883348844222,Edgy
47.09786657367803,28.65591385065691,24.145689926400554,Dark
170.50662745173202,64.20732584403525,26.91340693200555,Dark
118.36766569023332,62.28179620107386,19.229751170219192,Dark
185.257101673944,47.85348023831083,0.0,Bright
76.76719442543973,63.53049378074134,20.711093572913466,Dark
217.59440932339524,32.71119775860407,10.232256779977675,Edgy
191.33361664986424,72.96151904083689,8.27941848993548,Dark
0.0,85.5707044294666,28.817866237072987,Dark
196.3695088984461,8.31170208008622,36.04103027889039,Edgy
151.43390008730952,23.563172705174125,30.01808536099935,Edgy
163.23167681014235,38.85865766610011,34.3146583203809,Edgy
246.78985460225434,71.21475956683074,93.82033162031249,Dark
189.42687774496224,32.6031102594704,26.12300070708747,Edgy
158.85663698620613,51.534444856511804,59.23932226464284,Bright
206.59981063245488,99.94758970639901,0.4031178218998619,Dark
196.74067630033596,51.84220063121041,73.28518304069684,Dark
131.9484759253419,6.638135227535223,31.854164849930232,Edgy
96.01921587171904,73.64601804687027,45.83721360623716,Edgy
59.50901594967701,54.69612696271692,64.82013401438279,Dark
142.90226898820583,28.541064507863616,26.048922337026305,Edgy
178.24880589910293,61.06007669481059,21.567419537759342,Bright
202.8471934218154,43.48612338029439,34.15850350917954,Edgy
79.17139788462438,69.18441856964238,19.574402463274147,Dark
107.96946970116132,76.58794469978523,58.57104348171228,Dark
48.322057630747636,29.68939845001514,21.17068859371418,Edgy
175.30121773645155,62.35205846418434,74.8433655255682,Dark
208.1694106055107,39.18684272606568,47.396721545495936,Dark
154.99513787459622,102.79450736723346,78.86283125088826,Dark
177.05166257472277,68.19580472140484,23.893924644230395,Bright
102.19877180898695,69.32290711551813,94.2615149260948,Dark
0.0,75.2753101864457,11.925503755721664,Dark
100.63900824029464,83.21402156012664,0.0,Edgy
91.2410292293969,6.6845585022982235,97.52821397317848,Bright
113.47898226195929,61.40068361416297,77.26982048390227,Bright
174.9805055124437,37.628820364813514,8.615621937032031,Bright
130.42016890031488,20.244332591723428,133.74822893507425,Bright
33.680578898321514,48.79091656459326,40.339093512223435,Dark
179.49450700913704,75.25166828255776,30.673918555934552,Bright
233.49902709100954,47.059745193605444,26.922590018231507,Edgy
194.55756912530757,21.489017911471432,12.172776212907394,Edgy
174.34137902397714,67.04428899673984,100.91946535866069,Dark
24.200073403006485,75.86498399273789,27.456963452183953,Dark
190.02597483305502,80.30412530084118,0.0,Bright
161.92364853578445,12.86924340785675,18.182240491301272,Edgy
132.79096312977074,0.0,35.19075366939076,Edgy
121.73168236913197,34.5682883189356,104.49105751234887,Bright
178.93858997640248,49.327962298693166,2.639526283137215,Bright
80.34215168420096,26.134991041603296,79.78535187431974,Bright
221.74424028904627,42.01838143786383,25.919858054069167,Edgy
82.81176680495093,108.32648401058883,0.0,Dark
193.22421580733845,27.98733970091925,23.444303729115745,Edgy
173.7162461851604,63.4087433231082,31.68323282948281,Bright
140.1144731650605,8.752892303446416,135.89179276981213,Bright
206.4255502315442,115.95289461425226,122.17025524354617,Dark
122.6311171222685,32.08392612070724,35.913185441562604,Dark
119.31707779841507,18.325011123045112,23.447748581343998,Edgy
177.20328207156476,99.78151352084181,38.97288780290309,Bright
213.39121142305407,100.7208068011567,102.70252837493798,Dark
169.38003467842503,103.05531278637012,64.79326148641587,Bright
104.31387665777669,4.123369122709747,34.8861674672882,Edgy
63.773899473451394,58.22637670018247,26.00020167964219,Dark
1.8862463341144178,32.93386474391466,28.919200257866446,Bright
101.31847908148956,82.92746467575725,9.7218522219084,Dark
194.45359726385436,96.63378225469842,0.0,Bright
47.9913838289002,34.2395113522056,66.77139495834176,Bright
179.05611499098188,23.19386849307405,19.070845095946623,Edgy
73.57841292756942,18.338951786416406,76.82680801451603,Bright
165.72689352087156,80.16952717112716,76.60443560988523,Dark
32.01682314131567,67.21962607592366,0.0,Edgy
126.63165862471728,7.569414881279641,126.66078723052347,Bright
111.77488852465201,38.31000864519116,95.31713067604626,Bright
101.46146655904154,32.7452868583416,29.729928697862487,Edgy
146.12262168442695,56.37118265629257,60.78281399852033,Dark
117.77946223084223,66.83246345884,15.520966128744277,Dark
12.772667269861927,58.42330836820304,29.69117436741394,Dark
174.87099461418924,114.02897760413592,12.718861451854949,Dark
164.50624424931874,41.44615851663671,21.203910844944808,Edgy
118.80274922703249,65.64042557981251,18.461871960274568,Dark
93.81054481797472,95.01449231980797,93.7189102638379,Dark
255.0,32.72405391180524,18.48830016366854,Edgy
175.60907154019196,72.93491274361361,26.325597259425493,Bright
60.919988981222104,101.44929144635813,6.908680423534506,Dark
178.5102836394138,123.15132570725882,51.78569393063975,Bright
60.030249476719064,34.76746039478074,13.312121055311906,Edgy
93.70161484878693,66.16898824016067,42.83389842457977,Edgy
138.85142693517534,0.0,46.01206919956322,Edgy
129.10189021305064,42.01772411605968,62.05202641906874,Dark
116.04199364227553,88.89238307811291,95.32020033204392,Dark
34.261927142099466,0.0,55.487288892242105,Edgy
137.3115715234961,84.46006414360642,16.80036101636371,Dark
10.052196134861035,58.89134159645464,32.162931413419464,Bright
61.86073992530322,92.01047481576458,18.32918435253067,Dark
71.06857682108455,0.0,93.06466230196334,Bright
35.22832273912459,49.71094484532355,22.858711432950326,Dark
193.1310619896091,40.31483970404666,35.50119917385766,Dark
104.51712586896696,37.632871367536964,31.79163228322749,Dark
170.69028142049126,98.90334671111302,8.416715767241179,Dark
189.75906316900387,54.85663403151582,53.85498480649409,Dark
255.0,10.93783565951722,11.00314453922487,Edgy
58.63451400538631,81.81766272043218,17.380268858287778,Dark
122.58782053040935,122.46742545909184,10.00460735190515,Dark
87.48016653294745,44.35212434631274,88.13502026035593,Bright
144.34256077909112,32.68796444153199,19.467356481423913,Edgy
130.7721869892647,25.428098352343696,6.282661734156413,Edgy
77.68987620188034,32.13450771828536,22.724971519527873,Edgy
114.50434294331572,37.137818136278426,94.50038272087355,Bright
215.11004356398846,10.726577984236407,0.5945456589103912,Edgy
172.63231919044625,77.39875122211068,82.76595737103621,Bright
209.53750737800604,12.013787957972546,14.144996118649637,Edgy
182.51059039664307,71.97301825027017,6.555306327022372,Bright
86.06851791887917,53.99441727070684,12.313926979616397,Dark
106.9928782048028,71.57516996410598,14.103706237484062,Dark
0.0,25.06235119416813,5.8233395781463315,Bright
227.33700517322688,11.350900052918405,5.00418038593854,Edgy
215.30194504263568,94.52824782453095,4.502999584967959,Dark
173.27226856136318,16.33958574149311,20.66473970444107,Edgy
163.89065175321196,59.8555998387185,68.16475538362745,Dark
223.81737505792364,47.568926303598744,66.07686520694304,Dark
53.15715895412991,49.16832455330406,45.150096078147385,Bright
178.07944321396988,68.2190861819499,19.52733713917693,Bright
255.0,24.58750525668872,9.871461608337945,Edgy
0.0,71.12868225934542,32.777062277861035,Dark
156.60964556973542,30.2322776189312,20.071089080860784,Edgy
171.38810796060656,61.827991169740685,35.242458294967854,Bright
172.79751093060958,44.807873737069556,33.009796483929094,Edgy
111.77635262936855,28.924452037885864,32.30471180349264,Edgy
199.05506107823754,24.322675466147565,21.408868759367348,Edgy
126.4253053115837,41.76738782040886,101.5180707208938,Bright
183.52067297470077,57.35265532200324,33.946725497778104,Edgy
117.61424212979902,46.0284367536217,75.47762332486404,Bright
108.87469704632386,19.065584580833992,95.79186258063811,Bright
171.70517529051375,80.96075129540085,45.47624756719657,Bright
232.9917603619618,0.0,8.180224795394558,Edgy
68.92946167269452,9.403415883782372,85.24806771023552,Bright
245.7903607803165,67.52841612735139,81.6708625528328,Dark
55.91372141297158,39.73685190887832,16.177223665757538,Edgy
63.35645039579998,0.0,36.925524718160865,Edgy
172.41309891373925,43.000883464153176,6.040351854641159,Bright
10.25787284627728,33.89079730347608,39.52041880548869,Bright
64.9191084642064,34.532419351536596,17.407231117877302,Edgy
38.09033044787303,6.157216438381695,59.41004221925887,Bright
199.4694781945473,97.08191370499685,103.75528409420976,Dark
56.07111456504316,43.56213109455125,13.595917038281186,Edgy
181.3658999248304,30.28054230530025,0.0,Bright
118.77281313360692,52.630970924276696,10.761931912257403,Edgy
52.83776364058832,51.58937352741438,57.424687026774755,Bright
167.9781788143093,120.46821201156061,86.42479730495683,Bright
211.09955445319608,16.653818245710653,6.87571676778505,Edgy
245.18551326058093,8.961714924938882,9.552759420868504,Edgy
72.24533030421395,73.84872971398401,16.328668892133813,Dark
167.66587551327387,60.073209379451114,55.736855244019495,Bright
106.15680230529429,17.078021997217625,28.46887414068513,Edgy
148.58972736892736,19.70194096903199,25.875173130032778,Edgy
59.674036105863905,58.28592412486884,22.46536992292711,Dark
175.1616205638922,86.8360462026518,86.33083086786358,Dark
69.5675593831582,11.55221627409641,81.70818707690198,Bright
217.78783767388714,88.78618675620618,84.30531790906468,Dark
84.12202130122827,0.0,115.75325252562664,Bright
151.18244469299273,111.65543357604002,113.14843866437802,Dark
136.76072793060814,89.8112336549427,14.115242867086444,Dark
180.3648407410094,73.14068724806154,13.65200073720105,Bright
109.19886212474597,11.758792528872469,97.82815219971692,Bright
46.77646698435029,7.906483603068054,77.00791129145702,Bright
242.1388483573353,2.7296838006583926,0.0,Edgy
138.8196403848004,52.53190622445599,33.430096471125395,Edgy
176.03351757800215,28.057011378810458,16.778932827933808,Edgy
174.53118396734095,75.18024645673214,36.129484947773335,Bright
76.25070886480901,78.87991538837011,18.611641151139633,Dark
165.9303915032692,104.61632913829101,82.96933561273964,Bright
67.75474071680831,0.373652638371631,33.22367429285528,Edgy
116.27564360193425,12.708672171780137,27.773066741100504,Edgy
73.22802160872124,101.99526920185261,96.65410537644894,Dark
131.51718728814924,33.26489705174173,35.03747631940364,Edgy
227.1132271627753,80.0938314621846,75.1325088962727,Dark
12.013624811444544,50.015501293656605,13.22608009706991,Edgy
69.8740885381403,26.217362203924445,27.872552966150902,Edgy
166.2010687050995,22.34108660269961,124.28164453591432,Bright
184.44312635036513,113.03017998251741,25.640511252629793,Bright
214.38531647683732,88.00825744789394,86.78393260870573,Dark
255.0,85.15593886637782,89.01863853330273,Dark
155.1040208498211,79.70349793703761,63.16932619393029,Dark
42.561901217858406,15.187225964802323,20.35042131250836,Edgy
188.57462685005333,35.84625312836695,26.283162712232535,Edgy
162.15903885815703,30.223006631797837,22.15711347026007,Edgy
176.06576771943867,84.73700148603976,28.963801680040277,Bright
105.61434463290831,70.24629703477554,19.787544537127687,Dark
80.17984423510055,79.39279769139986,13.115183455770186,Dark
121.66346853559958,23.159384178753335,20.913680326611093,Edgy
147.95133209581778,71.64821893449431,92.10039641343383,Dark
27.464280264159683,71.21505028396582,0.0,Edgy
93.86737443836131,89.14753467931874,15.863573852845462,Dark
108.82619863329762,8.763302330168798,107.82540340110506,Bright
149.41316396858983,77.1639331290672,0.3005488093599311,Dark
106.29027910438543,81.28284340511811,74.05763104404627,Dark
171.30730491195814,94.0603059471745,60.95572350093115,Bright
127.70079088674562,82.04471435338675,3.314633127414268,Dark
186.78458540054277,128.0,26.457697048724356,Bright
173.15748216076742,76.64318928233588,39.24506904912015,Bright
172.38341703048252,22.468045551341156,5.549731148711999,Bright
81.75598260412275,21.286366218212393,19.836145621746425,Edgy
246.80566329072485,12.000990623157264,14.00135557603489,Edgy
158.25652335209486,10.691380694475093,40.76620579180535,Edgy
125.83063160639948,44.006198683391474,29.80235023934277,Edgy
98.48782723526713,15.353905373942418,23.908220137834256,Edgy
149.57221578932214,40.26439642453986,34.53722760656376,Edgy
31.000683820091623,69.4733174545295,24.292253727064967,Dark
115.57858366075999,8.555918274929311,112.18187931709451,Bright
43.6096544255459,71.13152742000833,0.0,Dark
160.67178062736673,56.6195161243553,67.81967797087383,Bright
146.30168780185838,34.61249213510744,125.67085825974793,Bright
203.77932308310062,58.41438509673997,0.0,Bright
243.68206199700296,79.54436472832631,89.51609991184495,Dark
235.39551889950928,43.91866335675925,64.4712170988479,Dark
69.67779089325148,2.3406180802589063,35.51523450794629,Edgy
74.59927670216335,95.21079643471731,0.0,Edgy
86.17930282019856,78.1167252861762,15.77342651918724,Dark
94.31105321321647,2.308405580888895,108.34002150196821,Bright
174.95635597731462,89.94590151389045,40.830793604278114,Bright
155.50325962292146,42.711515509867915,116.14280184882004,Bright
128.17445541689253,47.61506958756436,80.90195976647365,Dark
235.62321726532238,102.93637720715269,82.21660608771744,Dark
165.73295935437721,62.94092915027053,56.224442802403026,Bright
184.16003677945858,46.093245936355956,25.027694047097565,Edgy
68.33117591352988,36.619548441464566,18.735754090224457,Edgy
79.01397182595844,46.14500269820205,43.651738506019925,Edgy
75.41520245584185,45.45199094328681,63.93627162450164,Bright
119.01361813266385,0.0,120.79296883942827,Bright
176.0600568222128,85.78619059827136,41.872708842903705,Bright
116.41046475158812,36.301869552115654,36.68937389674024,Edgy
197.3097356982117,26.67779983637159,16.208401272597925,Edgy
188.854526714938,63.716827181508044,0.0,Bright
41.430522970758744,26.911069035147985,59.174346694838725,Bright
66.22306429588694,55.55150356695224,30.40216259329269,Dark
177.5015070462625,51.77344726240793,2.991783674883308,Bright
17.458648841010515,32.188656018376534,14.00789222871051,Edgy
32.3673864394987,48.60909917610741,11.778715251090361,Edgy
182.17660765806656,54.97882613891817,0.0,Bright
46.97295775199592,0.0,86.81914715344843,Bright
169.83766915126967,22.166498338878565,20.260627068836165,Edgy
174.6684965726709,80.12759331827253,42.991175839909616,Bright
174.15037113955572,35.01065829937549,18.6318634090223,Edgy
174.49009577345623,51.08865169328476,24.475451430172484,Bright
164.11894240584027,40.26584970703415,52.67333998268637,Bright
36.38875940701381,69.17074523762793,19.63210199662875,Dark
123.21583662118309,28.1121448271095,16.031071708730813,Edgy
179.4774693444783,37.146328673466485,28.88598661069629,Edgy
221.8339293301076,31.55844930374371,52.39767738567702,Dark
173.34074060386834,63.70153625495489,38.5747849388364,Bright
165.2180867247084,15.520755395972827,35.145745481572696,Edgy
182.9061304256449,57.594248327618324,0.0,Bright
31.890246564927097,63.69484898450186,11.058580020546671,Dark
176.76286399170044,91.60909078408466,34.36816547823345,Bright
174.32758543019293,70.9998566544084,25.03175163277326,Bright
150.4609899295792,36.82241454411326,21.603011863011904,Edgy
48.26368664454259,33.07064362998,63.56413917297441,Bright
89.69266495109517,39.333440968661165,34.59799211668012,Edgy
184.06180126955047,87.6475368013329,83.22407628748283,Dark
43.61005805253208,30.91354917375112,13.278798531010018,Edgy
168.45050520756504,101.76866152585168,74.24659593179604,Bright
157.35866371748662,42.55928516922938,59.88952637870769,Dark
158.91235321033972,62.36749553573402,69.91247020380672,Dark
169.66097708506754,0.0,41.50861055345808,Edgy
121.87659226628719,0.0,41.22961572148752,Edgy
157.17193242637262,25.711728356276524,28.043397790313875,Edgy
185.21422602153055,55.31509480255642,30.221651098972032,Edgy
73.77793274044863,63.48719470159756,10.027015289876282,Dark
244.18399072335956,19.417180454688694,11.207165400906362,Edgy
219.53509115136563,90.42533917599899,104.22051965374331,Dark
215.24899916018273,77.27240858548488,83.39440911273722,Dark
101.88575591853623,47.66056418646771,65.43027947776025,Bright
79.747428167873,14.319982766765065,87.22123041401501,Bright
29.90924681947739,18.1899834289093,21.45804868084384,Edgy
250.77754499904609,0.0,0.41877658651602445,Edgy
62.12662989835712,53.80784206392353,6.7652929991959425,Edgy
203.91022303893746,91.46593786917698,0.0,Bright
143.26931654670017,79.05834450333863,22.275360155169828,Dark
226.08595754719136,80.73304682297803,90.65785884383311,Dark
236.07822466726088,71.48547197049423,68.81198306180742,Dark
9.658693119668783,73.63181484543959,17.850139123011232,Dark
179.67216760090287,82.69006281818247,9.353069215898984,Dark
141.73276297119102,42.84245665526696,33.47785157512612,Edgy
101.37779371806111,40.98247380285952,32.35342548711185,Edgy
104.0141349335583,16.60658071961425,103.89715933851535,Bright
85.44162668919205,52.47082260165175,75.54899368267907,Bright
204.8020155361338,37.30239314876166,28.59502040679099,Edgy
42.86570827791532,9.426632068945686,83.99807146835917,Bright
96.79492943765909,35.29380468972294,79.28759131032089,Bright
100.69364201104995,15.968408768912084,28.95792170162748,Edgy
89.4602555780884,4.024601526947066,106.04385345255949,Bright
143.54969371642272,23.49044767001842,15.862993475327642,Edgy
173.39694104623297,63.00612520959587,32.20919773551112,Bright
83.95016561086493,12.20049260142875,106.0309169411695,Bright
0.0,63.707757998329555,16.493061240671338,Bright
161.58126791019453,23.639410699489165,15.433812108822579,Edgy
151.2571174622714,17.779747264298884,2.8062910722542824,Edgy
134.8515907054065,0.0,40.058540196245666,Edgy
90.11625474109863,59.55513367516773,79.65703626356375,Bright
214.10680912370967,113.66934308683027,105.25903965510781,Dark
166.51177008415993,40.4416146141375,25.96601612540035,Edgy
115.82544074543718,13.847654683986399,8.571341380889464,Edgy
193.6966880372909,68.76628164890036,0.0,Bright
106.15770203231122,54.026479825705465,28.913518698925163,Edgy
205.4088687442204,37.13496738295261,28.97332694174844,Edgy
107.64871125493374,86.89631197602554,41.26870304920831,Dark
194.08626649447336,71.09980107555157,0.0,Bright
249.28710011320698,66.07848827392985,88.04643376145768,Dark
154.47100669389877,52.21867406051042,24.8991287557643,Edgy
193.2535053401952,97.99512000716669,92.59139138319469,Dark
154.89826826204074,25.104170674336213,21.64011196910267,Edgy
85.7587701808938,80.38815917516885,0.0,Dark
110.52949999242674,39.08665227459223,95.5790872757305,Bright
224.1077304407994,84.64939536960347,79.91963470482808,Dark
117.83267613015359,15.337556535082953,32.421202831691836,Edgy
6.309159114355722,46.14991563764216,14.69827747587344,Edgy
20.011929503540955,14.23765541198172,48.37562225339421,Bright
110.15665541305592,64.33495586766965,27.80894828429757,Dark
180.39429500450757,65.81417430386267,8.022019399445078,Bright
132.93724940089774,61.6493763287024,81.68418527130913,Bright
195.38020452705004,73.45094733354274,74.92591365197869,Dark
134.12841363728117,63.00660875187848,27.46372566988528,Dark
102.67423387724513,35.72073835973297,12.65157528026338,Dark
165.16496377262297,100.93423154243246,78.0562294288814,Bright
237.5141133801289,33.85985065256877,18.948402927710912,Edgy
241.98876984675397,50.756706293359045,79.0805078578847,Dark
182.4901785217491,83.55938436883693,20.636561618984647,Bright
255.0,101.49048585388545,101.90113534164789,Dark
224.7074376554644,0.0,0.0,Edgy
185.70710158182362,70.22314111445345,0.0,Bright
51.08668423942832,53.27147939092828,47.23199790053863,Bright
0.0,70.27880504875466,26.24019330971961,Dark
193.77284584713146,79.64606160622878,83.31795443619998,Dark
186.40220073784297,57.46645298766819,0.0,Bright
127.67837186187644,87.74088738039299,74.98401561827023,Dark
83.79144014972373,60.71751862607802,8.84355227851514,Edgy
84.98849348276192,13.118264993286644,80.87304953927654,Bright
0.0,39.93497869260033,35.07230811693459,Dark
150.5231758199147,78.20889527522607,97.17197080228597,Dark
255.0,74.72274255653366,93.40666443381288,Dark
45.80884529785784,7.659070941762273,31.80040142472356,Edgy
28.71082778967407,0.0,41.10250002478937,Edgy
230.92839523791997,70.38553942157101,84.05088504998747,Dark
69.66539040113021,41.72952536570319,10.882498432728667,Edgy
178.27250254879567,91.84509635117271,32.49930904746728,Bright
22.92088345984338,28.919836942463867,62.18490810965326,Bright
116.83251240979527,0.0,42.84024314924023,Edgy
231.17381925410177,34.33401649717232,18.62070663164236,Edgy
158.03340959492346,49.139067677561385,69.04559155742552,Bright
113.29301571299516,66.79923012512722,25.37769152607735,Dark
134.63799424272057,53.041156493457954,91.17134259520071,Bright
230.21113930995918,62.17230373647357,99.7845997493171,Dark
113.90240781169125,9.199959617573356,32.90643542766418,Edgy
74.72964321554201,57.87042221075948,5.544239533952599,Edgy
133.6845833563162,66.1551370727147,20.068283587950845,Dark
114.3566591276572,75.52274367104056,91.39831498616766,Dark
166.4035974207301,76.4226649355797,64.69945827726504,Bright
181.2877882536622,0.0,48.84732419970586,Edgy
118.30853892800528,14.384037954542926,109.7921609854514,Bright
92.58281538323858,55.996273507631564,72.74531734189384,Bright
216.5056652170731,69.146532899552,98.51978819637918,Dark
150.05431712448902,39.98203002988649,29.625674493722574,Edgy
166.04006248138478,75.02903703460373,78.69672801654939,Dark
165.04445222209705,56.208155530705746,5.52712970607746,Dark
255.0,0.0,0.0,Edgy
108.50723001586968,16.831873266536363,107.01173193174908,Bright
74.77975236690614,0.0,35.870844158558704,Edgy
97.02778086209688,47.24770201032393,90.9887990632387,Bright
255.0,0.0,0.0,Edgy
163.69559689288846,64.03672577556775,61.696676974866335,Bright
127.65014554487183,54.62612348858651,38.571462218923344,Edgy
194.61349020444356,73.56329167387318,89.25825447710162,Dark
174.59758196300123,74.86426999633582,43.79665941457179,Bright
255.0,82.3543073353388,94.67382893749401,Dark
168.83808516267007,67.5155251976368,51.77050773825288,Bright
83.84517638858743,73.32181905566713,86.35460765753754,Dark
154.50799176390447,5.583705673162399,5.729652948230147,Edgy
151.39917219736017,41.27087225625049,33.65743041303611,Edgy
145.22595734128896,57.91010747221614,22.84802596112635,Dark
131.15551154462247,69.06758495169535,18.070624456179825,Dark
143.95895618255827,83.91369309871138,68.21722341743211,Dark
0.0,84.26526408220434,6.257311611996677,Dark
79.6829856167147,82.6691182923975,14.170760844337586,Dark
129.8285330001549,36.269611058922685,26.682421628274884,Edgy
176.98978014777518,58.18004040912251,111.84329994071746,Bright
68.10222154766825,9.080286403356617,27.243243709070043,Edgy
154.73147327790815,43.72804160972706,71.91007595681056,Dark
33.59566452894575,68.28687411355439,50.58711239955939,Edgy
147.81497470321915,80.68327942255146,81.5106127037869,Dark
156.32079409027685,0.0,54.536437515236884,Edgy
181.59048660994594,74.93225527034812,5.286636341975253,Bright
133.1463039210485,15.279680721539776,26.164362695412912,Edgy
146.6048495890069,32.86730671510841,23.66410076965251,Edgy
146.51630788938317,84.88614919375166,88.0433825027813,Dark
70.86779836946235,29.231288439629854,89.0077691436507,Bright
83.98298015115672,31.214051540159275,79.71943967236348,Bright
176.89714711663171,25.8612167621899,10.784836895752278,Edgy
141.77950291342148,39.826809238323406,21.448146537145018,Edgy
189.94131880196062,47.72833928166394,0.0,Dark
84.30281230345176,47.957186838057375,76.00291150194143,Bright
134.47161238393224,35.98036660669204,17.856372192139737,Edgy
135.8546110002823,0.0,47.999058824943354,Edgy
116.09886522343938,89.70704203702854,76.24463707848453,Dark
178.79750628422596,100.9649356572429,40.51194820821656,Bright
255.0,23.186280398364193,12.539531440082165,Edgy
59.513004631645956,0.5481993415272584,34.713883326150885,Edgy
0.0,56.67388580720147,2.6960520202925267,Edgy
124.1421831513458,83.5022669037779,67.36057986977549,Dark
172.17461869455553,91.28336589331201,100.92294337022273,Dark
112.807911438723,24.949144393761596,22.13243640039015,Edgy
177.5837894771123,78.59216046357975,24.06259973264463,Bright
183.87947531217404,65.79662568858751,0.0,Bright
143.6123415998911,106.136016762791,103.58464659551292,Dark
189.54035564283964,60.69901955463911,0.0,Bright
150.51456555510845,35.36248696840782,61.06209227850224,Dark
123.56521738847349,71.6291594538859,20.030966775917566,Dark
0.0,76.9216988331344,0.0,Edgy
94.77884109315949,0.0,37.81757147114451,Edgy
192.87969672779792,24.709247683761774,12.720387669558392,Edgy
122.28488558408375,64.699687057712,17.928832976077175,Dark
95.01823138802109,15.10058075246063,88.28620406773635,Bright
122.71247302070151,46.43440405397784,37.20264624670756,Dark
29.701707542369732,41.51858005130953,10.521606786147728,Edgy
26.53052072758601,104.23408831350093,17.663994091453944,Dark
178.4624530385731,60.96380862525512,12.244304410882812,Bright
0.0,80.94773695021732,0.0,Edgy
0.0,78.51857296555654,0.0,Bright
130.67404362801915,38.58398005831909,97.73579427249841,Bright
30.761400608132604,9.868008662479198,64.2536906749817,Bright
60.296199933791044,27.939252685174424,68.10179597388206,Bright
197.00585170237332,27.108773272246147,23.488133231381095,Edgy
205.33013114517257,12.913990229105679,35.56148347901774,Edgy
174.917990661019,79.25768116404782,36.25308015492922,Bright
39.96877757739361,72.2235409298926,34.59080171570748,Dark
173.89503502275556,58.20651269479927,16.793534903635035,Bright
75.72702306696625,46.73635087498676,40.53268699437055,Edgy
162.4046095434559,34.23692432249015,49.198160005407075,Bright
195.60780747007414,63.71235348997121,90.01852582376776,Dark
100.84766316597876,1.9132550821094085,119.20246973858801,Bright
173.79102091414208,97.59943630586153,43.826477761340726,Bright
175.97466524262444,78.61504769483204,38.49294138995866,Bright
149.23611022168672,50.31891110022761,44.019393023722564,Edgy
134.02678186770655,0.0,41.477419845477584,Edgy
128.30086571467848,57.10224953994589,78.80215205672322,Dark
181.31064066510794,56.50326859410998,0.0,Bright
199.00286869197205,14.031524128985424,33.102679338526855,Edgy
183.46496742039844,66.76638026914691,0.0,Bright
163.23196296628188,71.6516260109091,75.05188552649186,Bright
171.29752267065692,75.28393712170687,13.670693320872168,Dark
178.8290566505983,69.66545816280916,14.42439231436503,Bright
180.6478147717625,92.53557142523684,22.48813660186599,Bright
69.16379164186013,78.25666167688641,98.640526756458,Dark
171.04158132647999,70.52024688591855,35.01990750791402,Bright
225.7409520617312,96.85998858627399,103.79688957331385,Dark
66.96245304345466,33.964057823957546,70.32025118556726,Bright
47.02649903682003,31.30289735648689,13.602180430913187,Edgy
40.6430259663849,47.14110007871904,10.239621435512767,Edgy
171.9162292159327,84.24873611243525,93.01599589827325,Dark
145.21655474008145,56.53414178631427,112.3842831691906,Bright
92.55249506163933,11.205691050962677,103.7087313130275,Bright
24.57700861880025,90.80360502358971,28.556548588280158,Dark
75.15718123724585,77.72863515379449,0.0,Edgy
61.71683080178434,99.76557633150505,3.5144234983874725,Dark
135.8322706881844,14.408119998897277,9.979053118052747,Edgy
172.40329041654152,33.48377648258244,21.234046810892654,Edgy
169.74700078465565,40.334496679767696,30.007297194948155,Bright
89.69078083920073,76.6249473727461,0.0,Dark
178.10893204680985,62.14777442455893,13.286186754254231,Bright
16.378794179135994,95.68070159778613,12.47970458868587,Dark
54.23849832906107,58.62127523457568,55.81146521882599,Bright
224.5315406932587,73.79415821854225,84.77719695110022,Dark
159.97942429966955,50.76827883321358,24.334148726528177,Edgy
53.68104718667237,1.9331872319075316,26.870612070992696,Edgy
154.73684135103258,21.117904299826552,20.431722766683816,Edgy
83.43992642961123,0.0,109.71403909313707,Bright
176.03621675843345,75.80721754916667,24.615420778997898,Bright
57.067233089986956,10.738770518243058,81.76471460485789,Bright
183.39883962630012,93.98599073695377,19.642550953181164,Bright
21.361874092535714,48.86878451896406,23.377048480182594,Dark
87.67573172072647,9.753519918870701,106.21383939682607,Bright
33.94284550702618,29.59714813732262,18.58395167434757,Edgy
215.14480052420907,78.17228651674134,95.2449774135151,Dark
182.78174603234956,27.598955703856234,0.0,Bright
133.63628861163855,12.780328711170732,25.642359866623423,Edgy
0.0,23.539038743128103,47.62667543443821,Bright
72.17941786718589,47.7949500049535,8.582998172230461,Dark
105.18864961597862,47.84107058459859,24.44132870472408,Dark
161.20125309946644,29.034146658085604,25.91520894928296,Edgy
228.9683039643586,51.07347678007597,64.94593802390926,Dark
204.72084513860307,0.0,44.56570845950002,Edgy
240.66882495153055,0.0,0.0,Edgy
69.28696141433008,70.19580073843186,0.0,Dark
79.22135188336523,76.43552979544097,26.199086464545417,Dark
249.24779094805672,50.43098747930642,73.56158941379734,Dark
26.575263497302814,37.93865694267307,38.25287450210102,Dark
187.44461313363666,73.65914268451084,81.8863160176707,Dark
118.55473373581529,23.587447685754725,29.578143815374645,Edgy
0.0,36.83949364112967,5.429260481382848,Bright
195.61679351525257,63.71185171783104,8.240198224284804,Dark
143.97828751657045,35.58016928189046,36.9987004019474,Edgy
163.5930610916267,79.81007960492974,77.41567400914151,Bright
181.73814404072954,25.164779074738938,10.189822465483672,Edgy
175.7975080607125,60.602043683202155,17.96864526666971,Bright
207.84173957001587,38.02078942442267,19.992643921600973,Edgy
234.25680636733495,6.5653239337380995,4.331672405127762,Edgy
219.93735141685391,81.6552499549153,75.76887959320655,Dark
79.91761124102396,46.13353441478927,13.6695443417767,Edgy
0.0,54.25594870230397,5.165547395204328,Edgy
167.4398799816795,56.96104760288564,46.81840503082356,Bright
98.93960952178705,16.553653708202916,28.39610444580875,Edgy
0.0,77.5244635346485,0.0,Edgy
104.00616489955749,27.29876905300667,96.36017031218836,Bright
138.14487090801472,0.0,54.617516329654904,Edgy
16.09230471209095,75.11481061590986,22.11165608764214,Dark
243.76830915557235,121.6077929447877,109.41671749176146,Dark
105.11335314582058,48.53495210428523,22.802465411951033,Dark
243.6815453872098,57.864849728054374,81.21582751496128,Dark
146.08531565907413,49.372165727770515,38.04259573464776,Edgy
177.64842152726126,90.19016733974826,35.32196740637145,Bright
8.742776732984282,38.645545935157585,25.375873444806142,Bright
37.439237905384346,85.50248207819303,34.012124301246565,Dark
66.08797080157251,67.62595349547628,0.0,Edgy
173.144249278476,76.1696126009622,38.65070823992449,Bright
84.85808936131342,19.713962882431552,23.43532070227488,Edgy
255.0,0.593999452758851,7.554698075634661,Edgy
157.5011179240248,68.52334845188908,84.3393291574576,Dark
63.63603882549623,69.5064671549876,0.49905801388320015,Edgy
47.387290368096274,30.312437649057113,58.136935412856694,Bright
83.51986987118616,0.0,35.87005218337901,Edgy
105.2306548883736,35.4959504707157,17.716403396715407,Edgy
140.41639183635382,93.90595915063511,91.56750563447852,Dark
194.91612174506184,81.10341646153526,0.0,Bright
52.68008238365543,100.96438949521587,16.086017350959885,Dark
206.12595411188443,60.69960786525101,82.92855627951208,Dark
205.30934443901623,35.171170858933415,22.732851568182692,Edgy
163.50612950261163,34.918392656426576,31.56012847683044,Edgy
58.734851925960115,53.18784871438974,15.415920027367179,Dark
171.75085945515536,28.85011492923452,23.258295550570125,Edgy
0.0,3.810430394878246,54.54575039584944,Bright
57.465234181087865,4.922619854835439,32.162628452817415,Dark
37.83211574216898,24.919264842800374,24.60376977522525,Edgy
59.49624944343114,93.74160586691359,13.154432414341947,Dark
49.71695585332736,53.78208208084742,3.5872212069612814,Edgy
144.57947465973655,49.08462458912804,108.87614847765866,Bright
66.75248101676638,89.46708103381044,13.159917954091021,Dark
132.2818660243052,65.6432816250802,1.1896717643880166,Dark
0.0,64.50977462968211,52.46681405236351,Dark
174.4093547846407,24.308835466529388,22.464203453317957,Edgy
97.06861850580546,0.0,124.03957941735457,Bright
119.28220710370962,59.06102009876101,22.867381248317717,Dark
181.90253003682443,76.7460005873096,99.6261344606514,Bright
19.878249658652862,43.800442807930246,37.50559058200834,Dark
77.45785490748483,16.256465085344466,30.005892724903383,Edgy
90.99223676881921,66.6100091433618,62.40506018899297,Bright
177.42707019082638,10.693601287017238,5.459836744987911,Edgy
0.0,44.43471097981883,30.04687600328246,Bright
128.83667299724436,62.04598281611552,11.405162956546647,Dark
170.6457362800744,109.70667848345322,78.1380359299755,Bright
197.9823513519799,57.231950317946385,82.96160597560524,Dark
20.80173198828932,17.41092033976375,63.79914650232743,Bright
171.63240333073514,83.22995263587717,48.292131818692454,Bright
25.55638461320899,5.007185644350052,59.74967041839457,Bright
0.08200529324039962,5.692486864243698,32.82045986246325,Edgy
141.81375165664193,33.50232860792164,14.13737345675046,Edgy
255.0,80.56921770680165,93.83542106489975,Dark
166.96743722218463,43.326120070352744,25.04973292435806,Edgy
168.49408740049245,92.47411881570733,94.31775766115001,Dark
3.0366120552182707,95.45851893783266,13.769775593576362,Dark
48.898240128497775,41.128455412421346,12.801355355585933,Edgy
143.6505393099272,0.0,33.41248623314752,Edgy
175.86578059735425,56.7159588918475,20.538247680587617,Bright
255.0,57.14007534763572,70.39538167387974,Dark
177.3602281336802,51.311488979780044,13.420934157821456,Bright
172.69990143084263,73.14693937604878,36.914857172979524,Bright
144.46473434264908,64.01763200388379,72.0464156341304,Dark
30.724924603104256,26.938872677807353,52.474484138425225,Bright
149.32458987314848,101.37531216718484,93.8604890526675,Dark
179.968809353566,90.52399188968093,0.0,Dark
9.738088198568875,37.763489443222014,31.799264571991454,Bright
189.93142813586846,45.778187438008246,57.876652276860014,Dark
234.05695442451125,8.481215676776742,1.2719051329229671,Edgy
65.62697297711782,82.4324457968276,25.183521322136624,Dark
121.93349222223011,37.983697046047006,20.28467285933006,Edgy
41.485856510496944,51.797282370051974,9.57195706370414,Edgy
222.18937210789716,42.90164352747485,25.481875171864402,Edgy
165.1261000154696,77.503217443513,91.0205921797126,Dark
25.030199184223775,48.09046893894729,5.881962555001337,Edgy
180.84228880921688,100.23470096921878,26.08724034407082,Bright
18.882428081093153,52.18745860162358,28.52710513325598,Bright
120.68922751357937,50.330030043409984,3.289679264394586,Dark
51.14085258406442,96.14037463151621,21.873402904195924,Dark
206.84354752857323,78.73983130730971,95.0148493496576,Dark
92.7921411202268,43.20178297306018,14.415991579122654,Edgy
179.11619959188516,37.439157218207164,26.1225640999335,Edgy
51.174257906358164,49.37237159456738,7.093874404258749,Edgy
70.0379520943255,36.040310724097026,15.298264006197797,Edgy
0.0,32.344929789169676,35.33926430211762,Bright
162.62440091357652,22.04615895555093,17.6802593884519,Edgy
118.22299520933264,24.876884950764158,21.588146272076163,Edgy
176.57731295381473,81.38118453632383,34.49154335584141,Bright
154.95107201173636,31.080026989940883,13.695088961025498,Dark
203.55880265885094,44.52096912112106,35.20917878467813,Dark
58.07933692901847,49.94168347623556,26.561604899138377,Dark
35.24652726397419,43.26007251700155,53.56344741718094,Bright
166.09097535635652,78.4653816934848,66.12441613567542,Bright
184.78689841548976,73.71071637341934,0.0,Bright
177.4988631775749,31.882529620606253,16.730326633236565,Edgy
102.62366286218092,25.47929360671648,96.3691244528773,Bright
51.200254189604294,33.99129507958522,67.34713197164473,Bright
44.10330425328152,25.958940466347578,25.157970215079875,Edgy
191.770156418203,8.36893099781502,7.16126014772405,Edgy
70.22424202286336,89.99091731968349,10.181103833465741,Dark
181.0511700586552,74.91234700750255,13.182237533109038,Bright
179.05120847347104,54.28238561624468,11.991443701594136,Bright
199.64484439533533,57.88876069779992,39.54448159651164,Edgy
175.79165200097708,33.03080043896533,24.232180699041777,Edgy
162.5907718990584,30.750140910363925,24.58300241698375,Edgy
69.73998148725865,52.43329815399149,51.19507935213994,Bright
169.37074392062027,80.98486975397606,48.10771788082338,Bright
104.94420278776275,14.89265638837037,56.35154991364235,Dark
117.66001033896617,74.02796183815056,38.490163531667704,Edgy
33.872301888668446,8.49980350405108,28.186950511589977,Edgy
184.00321814678662,54.42801128345485,123.40201303486258,Bright
161.48017370781477,29.317841081853743,26.591017693755976,Edgy
40.1902550992598,50.84037630459586,40.21347133788904,Bright
184.41225470899752,79.82879102682705,81.864999108295,Dark
176.23162806688939,63.76847005771054,17.129778637992636,Bright
118.60723796317947,14.800847926762557,112.65976815062817,Bright
47.760432046623876,16.398281013077714,74.79468083639283,Bright
0.0,56.34141652863178,0.0,Bright
81.04586031130644,40.6378907609074,12.158371572681418,Edgy
48.902057932569164,66.29676187349769,0.36916463546695866,Edgy
175.48420581694387,26.905784510955584,19.06679780241337,Edgy
86.57620228715379,22.98007063178393,89.16648731137067,Bright
57.422872590930965,43.67774847241591,7.556329027000345,Edgy
60.95171645672883,54.82157415574966,3.369434053686618,Edgy
100.33056076146015,107.47494270809513,11.284637334006511,Dark
159.19239340136022,25.240142584860404,18.236169760171087,Edgy
48.47133209863415,72.96203443017045,0.1175232083906792,Dark
194.44692804921112,53.696888070979696,77.52267560111818,Dark
190.99072235131524,98.52914238288433,0.0,Bright
179.79760611023977,59.448399549112395,0.0,Bright
84.71720010282837,11.297621297669558,96.37584480778924,Bright
173.62544281759352,55.078821453269434,24.63334389254883,Bright
124.75021529128703,14.164221656666335,128.76189830857646,Bright
20.6513437105571,47.167871309826836,11.113395479117031,Edgy
124.03353991238305,67.21439190677069,77.07909981148092,Bright
141.73873701614295,18.00761606982074,24.340398750632833,Edgy
177.96514540300052,68.26750463829471,13.984330389427107,Bright
198.87452550199214,59.1583632018831,0.0,Bright
203.45021439361545,98.27132236835513,111.69820778742131,Dark
255.0,18.515471619483634,11.805165268807357,Edgy
126.53001037337177,0.0,39.83056421559398,Edgy
177.6185712361699,52.10723412962317,40.537717877775435,Edgy
105.34887305758218,16.698220068521216,111.92981539493206,Bright
179.70993262333,50.8830470894135,8.756180257097178,Bright
147.88885883590535,39.00490536844676,13.869093041988343,Edgy
220.4833805473814,43.57062951007366,34.382613775751025,Edgy
176.41034250953777,95.6463179577821,52.72589246466003,Bright
136.20180210697598,29.784165148034468,24.790248321712646,Edgy
192.97228818277154,66.88953753282972,54.875987598506434,Dark
56.7470509450642,0.0,95.38160079091496,Bright
216.26971537795498,66.1188804492226,77.140387694346,Dark
144.79659898232316,95.57553730777256,9.09111724490971,Dark
0.0,89.36209073174325,51.96416270464836,Dark
29.10198673563822,27.385689155296838,20.488200132973965,Edgy
126.02833518828136,62.678245125689344,91.32267520427774,Bright
142.35888809859463,53.70679617630713,30.095513475666614,Edgy
179.45553151930295,51.6484701846418,44.04046750622471,Edgy
85.9143526230202,44.377340054171086,79.60037790943534,Bright
126.28880422113834,71.71055794934868,0.0,Edgy
182.71990455764006,31.479437438759003,20.668394066699438,Edgy
177.436413389061,49.58579522776936,7.028710041490392,Bright
119.72532503662856,43.467095292764625,96.66989389194111,Bright
129.91509261699247,14.23297405572275,30.80429693138231,Edgy
169.78404463327385,91.04921599566703,70.07738969455308,Bright
157.1721818315113,63.89287344856591,80.54963509823857,Dark
99.27203893869009,53.38609388417835,8.113657908050023,Edgy
153.96125727381116,63.59337905442081,105.78331645326752,Bright
149.90803634454403,43.96357934717963,53.838765096799136,Dark
78.74740940874676,30.17364930115149,22.985748143017876,Edgy
121.15371379964094,27.575002342755038,100.41786708772098,Bright
48.464863066931514,32.336120842378506,14.498033802316705,Edgy
173.15587485585075,42.51170017983958,22.027219550368756,Bright
121.8153383338752,17.79916772291805,24.435553441102385,Edgy
74.99933573015046,39.76350087524801,15.489227661890922,Edgy
96.22039481310615,97.76627069865337,13.756125004843241,Dark
127.55505162588682,96.57566990711027,15.948122195589285,Dark
173.30264045747458,68.47456253330033,46.059513471101475,Bright
0.0,80.35763705194259,24.984584634743705,Dark
0.0,71.35522304650095,38.563231307912496,Dark
0.0,46.3764891041733,4.116480801352218,Bright
179.36196133218505,59.90719607029879,5.416257395044241,Bright
0.0,78.02000592194715,15.437018947073462,Dark
226.83319345557152,90.6391613691062,110.19755513989719,Dark
16.085105093212988,37.15619936503684,19.025276929863676,Edgy
255.0,54.7740787100608,81.4965151217047,Dark
185.45620771251703,29.516044485307003,48.71502140929595,Dark
161.90483035386399,17.233251417837188,12.759593729471838,Edgy
0.0,62.479590953099276,22.509999110347497,Dark
182.27290393047542,41.0721566748057,21.36997210777605,Edgy
201.91808258225282,85.67445089356278,78.83123758566828,Dark
123.81107633930547,40.221546418843204,10.101883423441421,Dark
99.03519540816852,49.93316325481577,14.346549196829457,Edgy
0.0,65.09504321085711,0.779283067937321,Edgy
203.46900848371394,92.69684197258543,0.0,Dark
255.0,0.0,4.941574414742483,Edgy
169.2228287278421,64.89864033840428,40.56965834573449,Bright
31.637301626560074,31.424381151783585,17.44335866397077,Edgy
144.37094600141302,0.0,34.01624165234309,Edgy
186.18013839031016,54.66863025614031,31.19927002269461,Edgy
111.84833460983053,63.875273244355554,17.252267432537906,Dark
0.0,28.03708728266928,54.77902173760653,Dark
202.2555958898383,42.306499189638345,24.846807353623806,Edgy
109.92731522964797,3.282147952994791,106.97435359961963,Bright
134.6593798506614,50.617299682047545,11.426944934098756,Edgy
108.32389535901548,50.622162037987536,38.67419765545493,Edgy
208.47679297984547,0.0,0.0,Edgy
4.5219129265795885,74.78605129987145,0.0,Edgy
106.37696261884898,63.175707128235004,24.32171070326374,Dark
188.63088280611663,82.43093059094682,0.0,Bright
64.89078185708502,67.55637303400798,38.046685832743705,Bright
227.7644467412759,55.37221037766925,70.69824429409041,Dark
107.23156535331003,4.5971907311337645,33.93033123403188,Edgy
7.1538164277595655,25.081867721877234,46.053897443687944,Bright
60.176520163991825,30.816018476481574,77.64605576840336,Bright
166.54697620124608,5.5613398283245274,10.624296555024358,Edgy
169.54502147109585,61.867480637872255,73.87937942274621,Dark
171.06990285709264,36.17441507303793,20.45637983364195,Edgy
130.36693913112924,19.99628392359171,28.37988514162839,Edgy
132.00918634834875,45.56687247899487,11.596990060529102,Edgy
85.89278372053883,29.404399504447337,76.5769470954083,Bright
118.02506525287183,0.0,39.748978121245045,Dark
14.771576569251607,96.14951593143502,16.294731656990095,Dark
24.996072208817807,69.47186307465861,16.64572637966377,Dark
227.20730946638412,23.269302999203422,11.61174535559352,Edgy
110.64521571761435,11.495815217265381,28.719526809273557,Edgy
164.55593498089542,35.378853376555014,34.740220882268815,Bright
194.56742428666155,42.428468618764114,58.798961532731774,Dark
0.0,55.688437059456824,14.166727302636517,Dark
189.41699879759815,97.32161208506487,0.0,Bright
119.1009264484136,93.78553097223373,96.30598447810996,Dark
164.0832759747369,59.487171487516,76.42404522550842,Dark
30.298561227958757,7.283618719895728,61.54635780755033,Bright
123.0145842318519,66.66301174697134,65.6226479335646,Dark
159.09381914068135,59.12111813179134,10.222414793114318,Dark
225.35045935420044,49.56107696603987,65.42810477963036,Dark
134.20174801696515,90.33013742740954,21.63171385349475,Dark
170.9034370205475,16.147720805507568,32.20788170629032,Edgy
185.08020665151454,53.87912012913366,63.774284744813684,Dark
164.25965605675566,43.593169124101706,32.21476827527398,Edgy
182.8017955457068,78.14460300185773,12.010651307972132,Bright
40.530872317975366,68.7195060149254,0.0,Edgy
222.15605655569405,88.40440993136966,4.336318741450661,Dark
131.46646602049887,17.39750601213538,16.778551173012012,Edgy
60.1827699017781,37.74321371089127,80.76700608236669,Bright
7.050455553787444,42.09190729648787,11.912908037337466,Edgy
165.34598314358666,84.0367230833927,70.39151531138813,Bright
193.19707358270415,28.605108525558762,23.804569217370048,Edgy
42.00937585612026,55.47443207908833,13.345385950806538,Dark
0.0,66.64163048055393,0.0,Edgy
161.74420798839665,77.72055421199948,77.83586892233171,Bright
0.0,49.531839877322774,12.543520814906167,Bright
242.13248844052254,55.15447292605668,72.1882583791494,Dark
20.677372778675647,62.13838511341252,4.670021618711203,Edgy
190.0112258097508,36.38842278235758,21.08336456755202,Edgy
192.51245818892158,76.86372087504553,0.0,Bright
157.32750533746997,77.13100969960357,1.912441190450302,Dark
153.0133476097384,2.159378278467166,38.803019367174315,Edgy
38.90860102260662,54.529657725228574,7.498218366852761,Edgy
88.9512349048455,103.64177577921362,20.283758268479865,Dark
135.15248120575671,36.08645719059295,57.77720597876392,Dark
125.56517176085447,0.0,133.44979174549013,Bright
79.05126194031254,46.70564434762289,18.637365684143482,Dark
199.60322690961598,47.313748595830006,52.97083203886695,Dark
193.26006685221955,83.58301503356452,0.0,Bright
107.00197382600314,65.1380428585753,74.65240097993731,Dark
53.581871450825844,30.871600976784727,33.40580840311665,Dark
18.588474646301222,54.0928198008849,42.494384179849455,Dark
86.43576802475543,0.0,111.3344375633837,Bright
88.5211755080323,31.327109088037567,48.03793170831932,Dark
92.19864342672423,34.554753656413205,87.15589489461439,Bright
179.9100217630519,68.22304769010962,12.45758750847314,Bright
180.40207384867423,92.48705743339107,12.878494318019804,Bright
50.87622515490679,49.42006440449295,35.87116274913244,Dark
72.20652130850672,12.908177298273863,29.63788235158259,Edgy
125.74406977462701,6.620542808990834,33.109861904335645,Edgy
144.4540977344132,31.486203519917815,17.088276088925582,Edgy
242.72967586017023,78.36937432728098,95.3896919952426,Bright
42.22950135155409,19.464608279026734,72.682787009284,Bright
88.1405235696329,32.87202629149724,87.42794133219029,Bright
93.00873802698719,7.3063552550900965,33.66394479301876,Dark
121.11679804304738,44.4392913295164,13.41294284442089,Edgy
165.3012374322816,38.45575291661378,21.501196333421166,Edgy
67.22005152119547,33.048922843626855,19.91116952582151,Edgy
184.96620750722144,94.85929944065781,2.4640803927424386,Bright
27.24117883829595,36.40791845760793,48.245680471289674,Bright
190.0284972967815,18.902644113635443,0.0,Bright
124.9976769716071,16.766474603328298,27.139349598067422,Edgy
138.8984354717943,72.37867689959683,64.18198563801555,Dark
124.2805696852892,45.76027090387181,22.581272649094267,Dark
229.52617564131884,24.918389906662284,21.096455045599743,Edgy
55.86867487368194,31.772503136378436,24.495366117280046,Edgy
186.49191005305514,29.06120826986868,19.616095519854902,Edgy
77.26780457861767,24.84576348973731,22.81391667106951,Edgy
249.94091808550928,11.984404158155442,13.749436101260429,Edgy
191.10345681142906,91.20013481733199,0.0,Bright
26.235779171178763,107.24509555675749,0.12701863651184908,Dark
247.93928201287304,24.990434853057366,6.799991511608873,Edgy
63.70131875888566,69.24257825121558,9.233562951528135,Dark
240.19860717485858,75.5852451599794,79.46342618384237,Dark
44.876466661539524,65.56227782762454,35.85112360106298,Bright
76.27776260494417,12.201708847003218,88.48138754840198,Bright
116.14288000245496,5.357769061179866,114.39945692448666,Bright
186.08105123942727,75.89370069372664,0.0,Bright
133.15244453193472,21.292276774286563,28.644866302036494,Edgy
201.50122591206116,6.987944227986901,175.32243110406546,Bright
5.74108223378893,32.90313397753105,18.77351216461177,Edgy
171.7308342368566,80.86022613548431,48.10608180244406,Bright
240.394814447653,20.499072085162563,13.669516748345004,Edgy
157.36986032890923,30.509609510869204,15.610661725793861,Edgy
82.53082895439368,59.9676270913145,64.84161544566962,Dark
118.03247845900887,58.98280318168021,85.6330869845092,Bright
210.31682035945363,17.227038870548824,16.2437040813086,Edgy
44.42615564297782,81.34901790675572,23.580623411967274,Dark
73.52278563138061,39.12303581400335,32.014074814167685,Edgy
60.165814665952155,0.0,36.05624599404359,Edgy
255.0,123.56204450266881,124.48676349522269,Dark
246.69693250173344,26.366421960127553,15.905726333686601,Edgy
181.4487449433311,89.3758890559758,14.794788645100958,Bright
172.72415096270004,39.85863070321685,25.55236154757108,Bright
49.33893981933623,69.29564159692704,36.26226836387943,Bright
242.02775173159392,107.10183579160854,108.98794118048477,Dark
43.66096829934429,85.99004638422306,5.064799798825973,Dark
169.9528314505819,84.39464378712799,50.631094592699085,Bright
187.5943399841819,76.94123259595833,0.0,Bright
78.11139725541634,35.887586656663274,65.52831720692434,Bright
73.60486067872486,91.78232508799546,22.16709378695958,Dark
151.17186578635935,55.313420259893824,9.122055444771561,Edgy
168.1262138064151,83.13111195896363,52.87973056017676,Bright
110.36326441004981,7.423608815483703,104.65528636264543,Bright
221.15303168373356,74.7178795006957,92.67289304224681,Dark
177.5888442987136,42.89407761368642,11.951545129092196,Bright
187.58164108948864,68.51058436347527,82.71954028885168,Dark
50.77387638840193,18.23140321069255,27.78644011612815,Edgy
126.8072116654426,15.350364287397099,31.45997926106704,Edgy
236.26662824038902,35.82287668189461,73.08090795354053,Dark
177.37763145808896,76.69386060118677,23.932543245520876,Bright
164.54604121040308,30.099204089421047,66.2055475808182,Dark
172.29932615483918,30.544902335037328,18.01661280792289,Bright
66.06643655248243,46.78446736549617,10.064567075138406,Edgy
210.28615168524504,83.27245091190177,97.18942894354109,Dark
252.61242982193897,37.254818535233674,61.12552038047515,Dark
136.67199231500211,64.18038003145575,73.81012315010568,Bright
58.64791959957964,90.69092740082509,0.0,Dark
73.68996408441257,85.6676072804153,3.8257407732895743,Dark
102.54098574178869,50.97254589535486,82.6027987394896,Bright
55.612157893720465,0.0,94.83057479694641,Bright
148.07890670294964,55.044230742461764,19.983207597849034,Dark
149.73587264491138,91.86479764492644,79.28898647885603,Dark
116.21370555782335,39.32889275968823,16.719217643671193,Edgy
61.87885068046789,28.067665560044986,78.2006461776862,Bright
180.8868526705516,101.30206781240622,34.82555124848613,Bright
173.7533824962614,18.831747583055623,23.47440403808113,Edgy
144.29255185603841,48.034686495516205,68.09653814890002,Dark
117.96589951149458,13.862139156560069,29.556372006387942,Edgy
181.2744726139317,18.450199220816394,13.790756258797465,Edgy
66.93067022031497,97.54361638104967,30.981485318752654,Dark
177.65802000146022,64.18304192774087,17.9998993051244,Bright
225.61427865493482,21.362224222170813,8.10944074524118,Edgy
14.062238405415954,73.61117760577892,4.706075931348735,Dark
109.3707830192858,28.722057829052456,92.60095913222362,Bright
189.0606982514493,7.1495386914221015,0.0,Edgy
114.16289738135487,38.745774114596884,63.44667361254637,Dark
175.6097325637094,93.47699832578009,36.71732632869022,Bright
68.41485534035226,111.95945748220295,4.503921293268448,Dark
78.64079906692552,52.88110050894398,69.90812292620836,Dark
132.49808625727212,54.3792471892675,4.800592779050575,Edgy
115.99236749394285,0.0,64.5357673424987,Edgy
50.34807743292042,0.0,104.94211036038789,Bright
48.1704106719538,17.130143971716365,75.30618946319376,Bright
27.232186279167124,14.697387680072744,58.749698058084604,Bright
216.96626353328503,80.427650799925,72.023877977496,Dark
120.12383425860136,69.4609361806431,77.59823947828218,Bright
173.6390925918119,86.31858940743368,79.83606300612696,Dark
42.260960263209995,16.144169885547413,80.53652701863403,Bright
64.22676612166856,6.551645977462229,35.26242100665354,Edgy
110.98132973996938,48.008609155492685,13.122050501403997,Edgy
174.06977727686402,41.14786490047649,29.915413860944707,Edgy
80.16480742301918,48.819735716905456,73.40936327322919,Bright
178.4961397921939,77.81799545556424,20.179772759182544,Bright
93.2058519303947,0.0,89.04700393357263,Bright
35.755647308045326,20.81190090890057,56.61488219866953,Bright
63.2811096955094,40.4347581519535,17.447328725440563,Edgy
125.87737773754041,15.765394722635847,29.8508021476965,Edgy
175.59227955614995,86.81315006530929,35.503538624658106,Bright
177.8937463557274,34.18466439934192,0.0,Bright
184.94612814286722,14.874798025487642,9.410740041176481,Edgy
136.1336753752726,29.11105766038969,117.38919858398482,Bright
255.0,63.6667426480318,81.93654674370543,Dark
11.052284806968132,26.61566725509438,51.644722945896085,Bright
74.52562005018174,90.4958235719701,13.561654701015854,Dark
82.51060656654397,49.67482970581663,39.31602983945068,Edgy
193.30091647849315,90.73794920789517,68.08845665099516,Dark
176.9432090908582,84.08447293557839,40.35595886658896,Bright
181.38355804517715,86.97416202776475,18.947199579756425,Dark
55.93664991026263,0.0,34.89989403581076,Edgy
101.34645805554331,62.48120377258063,14.029270645915616,Dark
90.47947726138761,49.90760988560373,76.10924982298086,Edgy
33.05803672832302,11.781491626647949,57.42898620103752,Bright
194.82145045810634,71.01873106308705,0.0,Bright
106.12991741912069,0.0,38.727957327905415,Edgy
206.4267972391847,60.806573248856665,75.96427359123649,Dark
87.36515586612279,67.51491447718271,22.341520721877018,Dark
8.059062727972034,40.58671594315913,35.19956942123767,Dark
192.56971125607225,115.83442119610214,0.0,Bright
145.1375508019923,95.58632926059607,77.5167601312187,Dark
30.966744765581126,43.64572837960539,19.546045165451403,Dark
73.17904083783714,73.66260878090205,26.97401273334128,Dark
96.32287028965848,55.938565627024545,42.87509759997005,Edgy
174.2008707120855,0.0,165.47018421213062,Bright
47.714569755637584,58.49625153706423,2.6303561827070823,Edgy
51.20654854489767,69.93636339098916,2.1867035886174975,Edgy
0.0,60.618537781214144,46.759415918785066,Dark
183.95755437852353,54.42665905091819,0.0,Bright
95.50613384426777,38.86891348328319,84.42977162873915,Bright
175.53587485883608,93.37588047288469,38.77646389229963,Bright
161.18955369641924,32.16959414519948,27.12729510090665,Edgy
76.90112143535575,13.881944279568913,19.257272469026763,Edgy
255.0,86.84787417301648,87.31781997154849,Dark
106.8573858291133,52.653442130851225,32.68105817539123,Edgy
70.98998062456043,73.91103458559537,27.336527608749947,Dark
132.10687406343357,44.650235871904854,15.357140397557394,Edgy
70.83186955091551,49.5230778029579,81.32060123951331,Bright
87.63488718217664,86.09162610293893,11.930770044311622,Dark
63.97931637968364,49.261640863892474,7.9361329355921555,Edgy
63.33916225678968,21.466144278273056,58.23020838056016,Bright
9.637601242287332,70.10397422523114,27.236394451868495,Dark
237.14329431058442,8.297920038768503,1.6890156296507612,Bright
108.80622626055533,47.31128935847124,56.53732100229573,Dark
186.4213113484833,106.66397135708397,91.61344434247701,Dark
162.16262545289322,57.12055007109335,58.85419220602714,Bright
123.59478828679026,28.879158915876758,18.319481174647645,Edgy
173.04760583851856,52.34679150121721,25.739729013152093,Bright
175.0369695528293,34.91983713254392,20.449347320571526,Edgy
86.51592457260135,86.57998697819798,25.27498501015563,Dark
87.52707464951193,56.33170112918704,66.53779077187073,Bright
81.88948173717378,87.64826427994308,35.601020951081196,Dark
163.8165548380071,68.61779754327276,7.048572629236006,Dark
91.44007280083068,3.8981341228456188,29.01991380858151,Edgy
207.1443234940212,83.56877232998926,98.46323103623835,Dark
58.59095757081178,48.22037634225131,54.79463936149077,Bright
1.2117612872251726,7.096992419541273,28.01437594672572,Edgy
105.32372286581943,70.26935084176654,0.0,Edgy
196.37682683142947,49.40376465881866,75.38328807019151,Dark
139.31900297278597,70.2559865898757,71.23141995240218,Dark
71.80948361342264,75.23110718778034,35.02498751691796,Dark
24.73042115890236,17.414844372333143,22.966419623398856,Edgy
255.0,93.03667072545466,92.89399605600278,Dark
205.43538596591762,39.8040696090937,14.908950834224427,Edgy
188.19607957277333,76.43852828682257,78.95903175537158,Dark
255.0,29.355894734417337,18.997526866271254,Edgy
88.89007027043307,73.4636300468759,49.19679048609066,Bright
133.84549787167623,43.334156663667606,37.81669252171073,Dark
165.55150651715795,33.77284760486421,16.795950630904947,Edgy
87.27313150010048,61.88677790933016,12.172552909416723,Dark
255.0,38.59504668887227,11.79140470026259,Edgy
75.92024192486583,18.194356162764727,88.18055518686079,Bright
54.927299988467965,33.47603666995933,48.72663821395719,Bright
150.54203623696975,73.07869817887733,0.4890817540406829,Edgy
184.64910057710512,82.50105124311331,6.887475936179072,Bright
102.90327045104414,76.83176876932082,73.2664382342988,Dark
87.20407473380425,12.744826699409394,10.758879463356756,Edgy
202.09154858829973,28.3562037693899,16.53208043207016,Edgy
173.0916814246853,40.61793336156492,25.75886850039003,Edgy
66.05115208092862,42.23378279519197,56.32169025990898,Bright
119.47090858741339,50.60830170699822,27.221764362689825,Edgy
188.64451524805688,65.46829140002362,0.0,Bright
205.4971652449318,46.11320175926265,0.0,Bright
144.6973585558802,68.70521966749277,72.82094399385065,Dark
17.25678283427665,80.46112305156706,36.27015670313341,Dark
57.19376438509171,45.674583054015805,56.6109407253466,Bright
83.31705162914179,0.0,103.51627580936353,Bright
0.0,93.61228202892053,38.0797667754718,Dark
16.077593922665457,93.26049849180752,33.298540856101575,Dark
37.91387724316847,78.61496056351075,3.479207702033385,Dark
41.86824993060884,68.40808265082981,21.295296319050003,Dark
182.45025746963336,44.27312733191599,0.0,Bright
128.15406121094495,56.2122406394706,71.72233476113036,Dark
20.754590932746027,67.98127051872189,18.292722853804776,Bright
121.82892891802712,97.11097913747554,89.77377235655749,Dark
81.81933028208465,80.97874492032929,82.37223195488323,Dark
137.3388985551895,96.52056292796578,12.483564377023967,Dark
180.56617247511377,59.16613778627128,87.16494522657464,Dark
186.9591854472992,59.789791326019,74.53384136086117,Dark
178.69425553247146,58.103501812368194,11.95601427305946,Bright
173.4018600150282,8.391250967617871,16.527019862223455,Edgy
21.600921239126194,61.36981401016415,36.25673207338712,Dark
52.64472102370449,55.7788768741697,0.974368524711231,Edgy
183.07142511626637,103.33676113393679,23.365035112080356,Bright
222.62865870198698,22.64962504757545,6.8122802148177755,Edgy
157.75543491119842,81.14814459507959,95.49454078468459,Bright
193.7620995228723,71.6487094248671,78.83430010859463,Dark
141.0627121527188,49.11270021979734,37.48978259500819,Edgy
132.12039492680694,95.18585146888012,71.8749401191107,Dark
107.41389004679368,71.10062045682295,3.3682886707324258,Edgy
147.9323099112127,36.44082336113253,24.82879718364639,Edgy
98.81410528909791,33.80991499631921,29.155741277327106,Edgy
183.37551316531545,40.45796672095514,23.801358947473815,Edgy
201.69961746539758,51.07765525934987,66.5042619041155,Dark
110.55701207712652,24.559426627246896,104.15501560384524,Bright
65.72402208675744,86.01407782244553,12.736902542523445,Dark
130.05681233830782,52.90287857688223,35.102587349179075,Edgy
77.66340217897886,22.000581204602632,21.923654269304322,Edgy
100.9910298264032,54.38018493172938,55.32198382670704,Dark
217.94820209233063,27.609571747340066,15.070635609754277,Edgy
126.9585732455559,85.83849474431855,95.60841932469233,Dark
218.83493732889391,6.199144784889867,0.0,Edgy
174.69800023492922,80.23237101121217,33.22755634353183,Bright
127.96377385753273,25.6950566430813,109.56763417449282,Bright
128.93435637170958,57.670292881431266,26.504670249354888,Dark
157.67305420570517,23.680170307512274,14.060493854484172,Edgy
134.38460661481668,26.403495730412683,110.87124085327548,Bright
99.27403135429523,30.74992909137347,22.23298175350518,Edgy
28.268786995543962,58.228318323427914,50.259024305749314,Dark
175.4334285099618,43.688958453911084,29.722538870667957,Edgy
227.94310537897024,86.8357064731619,85.09105853613258,Dark
34.05029093335652,44.02870560742617,11.324109876043252,Edgy
83.6578670831672,51.61623568496105,41.218821297690766,Dark
199.15522533451963,56.927159640019596,0.0,Bright
211.36462957207667,83.7834496508917,93.3809689375559,Dark
180.90447953766966,94.84883616656064,23.029241583926925,Bright
191.7887356988205,33.18517744918872,13.94002733585787,Edgy
166.3205330660086,53.258308856197,54.709253326855865,Bright
115.09804504318303,45.38849714638339,13.114824702024201,Dark
30.19734885612894,19.647847886127188,26.099878750544377,Edgy
170.11470855093535,79.80594753758317,52.697275406297194,Bright
21.03107661561731,13.013306959730059,60.44847250478259,Bright
221.86082406519301,21.736031375466467,14.781094249237853,Edgy
191.0427898904108,87.97015982126142,0.0,Bright
43.01918706746339,80.40750609301143,2.805328016410847,Dark
103.32649957148128,20.36708572962109,101.05346549492985,Bright
177.96512802784378,80.1119717300765,28.427943017453142,Bright
176.22182593105828,81.42897040592416,29.695441576532264,Bright
140.5298145379677,62.94240259332173,89.69889686259049,Bright
165.95531185260617,67.72059507614478,73.16090362195554,Dark
46.4442396218446,46.2410287133834,55.35061628833735,Bright
100.26632617339206,73.94103898167833,0.6516715945532141,Dark
94.93398875324485,42.68385878866772,87.77862903187733,Bright
101.72869043371888,78.70491843181338,57.4848342841819,Bright
19.821459932998636,30.659150227799543,31.409259922510863,Dark
194.16357443914396,99.08416465288398,24.00589805672608,Dark
129.53323014555303,47.5381227389819,16.00259064182955,Edgy
142.23130049580584,74.05099056160783,2.4397963198588,Dark
188.68767236274903,70.95138023441606,0.0,Bright
25.408967723669022,102.92143603379492,14.47027942684607,Dark
189.81154070331243,55.511048318251106,69.9130651443993,Dark
173.34564775424883,79.41141217061292,43.00614133552264,Bright
194.5291185851291,69.6031309948411,77.32554030673856,Dark
38.38659783249895,33.19699753141566,17.678985684335437,Edgy
167.23597937986315,32.86849953759689,15.415050446712733,Edgy
0.0,82.75241830661844,26.91101740091528,Dark
192.66027114048345,95.74114922310626,0.0,Bright
116.92603155082591,35.042166779975716,64.33703474595164,Dark
195.95349580611077,21.11642836109576,15.46091644063575,Edgy
0.0,42.15615501014934,23.905241643160284,Bright
133.49025259760091,42.20137539938265,107.48757773673677,Bright
51.40851847718167,62.87038783680221,4.869188120093668,Dark
6.304864903079306,6.749623436481123,32.213143132811865,Bright
127.22367678117276,51.59243522535111,34.940817044014125,Edgy
75.70269931686673,44.10579007551766,70.40081210270162,Bright
172.3052861958937,70.4266396159935,78.15562409979785,Dark
137.1716036264478,22.397018328133164,17.776565361296782,Edgy
18.100901931631185,5.707059159243492,30.929428401657002,Edgy
63.4213003161064,34.334648578737074,72.17440611213506,Bright
45.19512785573039,48.19554579783932,9.920671368175633,Edgy
170.86402354352154,61.197453178665526,40.965982060121235,Bright
172.0999256349665,74.079652688245,43.01376310581475,Bright
36.03667879488788,63.474657255406015,4.99973703079786,Edgy
225.0641258907909,99.79799112053033,110.20049478069706,Dark
111.63867744432712,32.83398362410409,95.93447367949874,Bright
172.27601083148363,47.97303018677942,30.214786075081676,Edgy
160.800314968451,66.17542722026558,16.897180696368444,Dark
204.72692276457545,72.66713455239449,93.83470564757636,Dark
211.17468896576457,34.8056575755838,22.859731189302057,Edgy
61.16422385756373,5.8677583828922195,89.05748538413383,Bright
0.0,57.83604661945817,36.801477553592534,Dark
207.84664100016687,70.07933657792827,95.12887210601848,Dark
64.241229817278,43.60711208163305,17.07839449238719,Edgy
72.26753544523217,32.443790934146584,21.233878221707954,Edgy
106.10002062639018,63.04241049774964,30.31260741059903,Dark
169.95595405116373,69.35325824361108,47.434519801547395,Bright
183.09644610827334,29.327814947762082,23.919964179080285,Edgy
101.26605427325816,59.32136890935743,95.25826083595922,Dark
105.23193287142686,56.646867083324324,8.212934395112931,Edgy
23.02937904344438,33.73995291379798,17.741664943036064,Edgy
98.85612602437311,64.69509379448283,73.76603667788655,Bright
191.88734785607906,77.03019341986408,0.0,Bright
174.14289072491522,79.64245323561744,47.00877708262043,Bright
186.64563992168587,54.06415935827608,80.94188943053335,Dark
189.8921472397049,99.6311243548768,2.6365066299793156,Bright
236.09671475806545,3.0502717731399542,6.307300330870127,Edgy
17.237566235905646,47.959364885224296,10.909919149405091,Dark
147.84486530448604,47.422442874036115,30.533920253065883,Edgy
37.58100999206927,38.12693979060761,43.9910023982914,Bright
5.325129408211964,33.03960254020979,40.67191988202778,Bright
159.51111535673405,13.546009984484073,4.916471112209507,Edgy
99.59219177285978,50.6403404701851,68.46277480878408,Bright
139.719761089507,48.819293973042875,28.638144835538576,Dark
255.0,18.694636612441688,1.2266940482001303,Edgy
57.480855872758454,69.27989655845307,1.778744926505233,Edgy
104.95075848243985,74.77798017515174,0.8463667499403016,Dark
159.51858643192185,54.304158592912906,74.50419441700623,Dark
181.2301941857928,96.24628982818994,26.838693665909513,Bright
141.94459390289967,45.93547481014023,10.93016853092211,Edgy
6.002827348478874,78.97419854995485,32.93266891590479,Dark
13.273407915607848,0.0,57.71355910059644,Bright
148.6437849601542,94.95125692872298,104.35044278144352,Dark
133.7837996698086,70.32291573108756,0.0,Edgy
130.33760487774668,51.91803714947319,111.80776518925848,Bright
92.99498096273935,32.997698787996676,97.07149679771359,Bright
229.06257500062588,22.92737848403315,5.924231796295999,Edgy
91.56509970882121,63.53091984710917,0.0,Dark
18.388777556593297,75.41019303876828,14.547750052415488,Dark
161.42819090581668,86.72599412771098,83.14441223460157,Bright
196.8699068099897,41.1346365297749,25.302188976047255,Edgy
45.32523028086945,65.28511395378722,0.02169476117101965,Edgy
123.5261521739376,48.34788765609914,72.0146904200822,Dark
82.8269553901206,36.35458061283039,18.183662763892713,Edgy
177.87873091646782,48.139854124169936,1.0647870565115696,Bright
87.29205677285852,10.906641409347309,27.55957911115859,Edgy
137.9626090468155,0.0,44.04409762150562,Edgy
230.91875241249676,30.17333736386434,12.627086206801586,Edgy
43.65602250403035,30.297713277119865,74.38244208823318,Bright
55.735210630173015,66.10530673237591,32.20650287242661,Dark
220.96658030377392,40.11015951740355,23.481796613233993,Edgy
165.41868344577048,90.97550446742433,75.72314934487633,Bright
89.36056493619084,104.35767700342339,13.229774355987196,Dark
212.86444870198858,13.062448777334332,0.0,Edgy
46.57755206380429,61.356269970770995,49.8292782753713,Bright
101.78262410726171,22.442176197904267,21.69397243832307,Edgy
45.71575726999639,38.267168349590605,57.031258843600085,Bright
179.80868113016743,78.07447090468334,66.99124249408871,Dark
169.90406052663513,66.56929337241411,51.256201570748665,Bright
77.90786783599326,74.42874859052654,85.39451178103302,Dark
181.76911308863203,104.4747647307498,32.485292751092366,Bright
0.0,44.999747892351095,35.85560133355382,Dark
174.42178346940227,72.9075721199996,39.088923181692294,Bright
82.0452884560455,0.0,34.96517431002604,Edgy
226.4199646727107,52.34495515242086,66.59609671777845,Dark
179.0949672006596,63.59163339135061,18.763947182639782,Bright
15.36659311791648,79.82431097148668,45.65854254992202,Dark
123.90410418713064,103.41807600443572,22.521856852683335,Dark
196.838270510555,53.82535666516714,67.73980060136968,Dark
236.42137942116312,76.64406754027436,88.55353962647308,Dark
4.424540569100998,32.70480558008694,33.91984428739873,Bright
141.513216756329,62.78303076989112,60.29187016631628,Dark
78.79979692024398,75.5235487315165,20.298815503017362,Dark
170.30434744002102,114.07221529041621,76.56822816034048,Bright
136.00525041312497,67.38395164045768,78.07926403620502,Dark
195.91561362341804,78.71282778904522,0.0,Bright
184.9882639979186,74.35504951670455,0.0,Bright
181.29266754740794,93.83339530194391,34.94864274388158,Edgy
186.11123423223876,79.4097742963806,0.0,Bright
125.43074268017966,10.45932149418735,124.76488439918664,Bright
144.2456626056273,73.91985432545744,78.09423393785121,Dark
100.31390199641044,80.86917500234293,17.545606424288806,Dark
168.15574918250093,36.49332057747995,25.38757249438509,Edgy
126.2752132308176,74.17629660503448,23.417703231691235,Dark
185.66526513836766,43.317526983518526,0.0,Bright
77.08617731819243,70.18775560771458,83.11997576805622,Dark
174.63861736767856,39.41041162717119,57.56571647321189,Dark
120.8887507396075,54.88810592587321,8.55409297959011,Edgy
100.25627368845258,7.0832990917143945,31.256492510308654,Edgy
57.72397594655489,37.287109713184115,16.77223142063589,Edgy
59.53152942275629,36.44450568220919,69.49613921749017,Bright
48.56290988800029,58.559693695563126,5.313700469200377,Edgy
52.477411424572495,74.75108837134856,0.0,Edgy
78.45072832147423,4.444068904954207,37.111223986283406,Edgy
156.0661263445475,59.790920876224035,55.80106250192264,Dark
130.4369130227676,19.5766022025325,26.457821068856322,Edgy
196.64547961833608,27.864516222161168,24.06197547510397,Edgy
120.25794836287146,65.53043926050057,6.472817025002122,Edgy
50.04327986633098,37.42749528939978,79.62819584712815,Bright
57.470905575153466,66.96826729976712,42.43599229348178,Dark
4.201406144480231,27.997533001168794,20.106679107618465,Edgy
191.798683932632,62.465867532490414,0.0,Bright
165.00240255582796,53.39621681538766,65.97581216703826,Bright
171.9702087338315,87.01241020746889,43.34369496597705,Bright
49.033345196274084,41.87108138457429,54.53824818607384,Bright
176.73997057379898,81.73970254280903,31.25023281995425,Bright
65.56750937835089,29.71218952590292,71.68905936752647,Bright
52.01659414713832,26.81578112229019,81.4130096837625,Bright
177.73468129692552,39.86980410653011,5.541172101160406,Bright
104.22636354836375,45.52387434571721,8.463910735363086,Edgy
30.474790882930492,0.0,37.030793081209715,Edgy
177.62357696398186,75.63506695501735,22.205206949773142,Bright
124.46453959279515,73.39034825109825,73.01157637006571,Dark
111.56013969863086,74.11592130181305,22.240671250303468,Dark
83.1689087069478,30.595609007388887,14.642390447431815,Dark
85.43690109605012,34.42147317601901,42.839461835022504,Dark
183.6242609385407,52.14490822799147,0.0,Bright
132.8212761424647,17.019204872266336,112.46085281489052,Bright
197.88271599430664,35.83864824472064,19.57626031442788,Edgy
162.58948536505378,76.39767602406961,76.16666620335053,Bright
255.0,18.651759670994874,14.474273354780848,Edgy
173.13794333203873,14.870831315160189,6.768129087712381,Edgy
50.15257184163744,45.86033353756279,26.48860299414938,Dark
59.08629058519057,31.872398594410377,21.100512461565053,Edgy
167.65054368625712,48.74255775091889,23.614781048627663,Edgy
41.097044390998434,5.930461686104387,30.292992769378284,Edgy
189.80724117442088,95.34092241281266,9.896756651882455,Bright
176.70162957603145,87.917531866086,40.88045680165687,Bright
183.1503844632006,82.57695537585818,83.4548725941263,Dark
59.99018257438465,90.29293339242409,13.445139403792815,Dark
71.75143247092817,60.48337712150081,96.0827599830989,Dark
182.6930219050825,77.84904571490668,7.820216801733352,Bright
151.61125513827997,41.20941131723279,29.16423020733655,Edgy
0.0,66.06232754305742,31.703616610808144,Dark
67.9624844675422,24.44992187286465,23.345200589651647,Edgy
140.72847501771548,64.50469723975279,78.52549199679427,Dark
108.03185509660234,30.059556518981026,25.230174173946445,Edgy
188.38473091286397,109.00670112333762,6.914204447677847,Bright
90.8106865935207,33.83293473825689,91.29362954218226,Bright
51.62979081098051,0.0,84.38674219713423,Bright
169.36681240924497,24.21409093649476,14.95541031283711,Edgy
135.90620220229246,82.74169182734418,58.4910700540912,Dark
73.38975093930132,15.570576570047464,94.8050932081895,Bright
255.0,83.09080061049647,77.88803482066383,Dark
95.1540821941974,22.412158935860354,95.65957924017897,Bright
175.1541189524503,81.87344411991435,30.887890890621186,Bright
94.32086025540303,63.005707802504546,67.83216193882983,Bright
93.6306389109041,40.097118564725704,16.63992644805355,Edgy
235.35549251146787,5.175502016732878,0.24758941259677414,Edgy
220.4247391040198,105.65649487067407,109.2219253781019,Dark
191.3786138917397,66.26368000401769,0.0,Bright
116.94254712357883,42.67584427903584,85.97954105187638,Bright
5.491303909920902,85.89049619832508,35.25707480664515,Dark
194.45912532311206,31.44252903802322,18.880356353654822,Edgy
68.35795116989189,55.901828819937165,11.288077912954819,Dark
43.05709857045443,65.86379213740501,28.839994392252727,Bright
226.2283155842149,11.063319655662944,188.59150796452292,Bright
177.76627694732758,46.82267246517109,9.126565275009732,Bright
3.1121172833507416,15.57719180230518,49.628642776366895,Bright
98.93394477953561,18.712857800416618,30.44608158665213,Edgy
234.8529271816081,0.0,5.995351962282406,Edgy
101.97498174418634,38.19925549666996,19.469795823368656,Dark
147.10427472521917,17.028179454190955,22.056837614002347,Edgy
59.38410123151402,53.815202973298256,63.458692255265774,Bright
179.7178739575623,83.33237343289227,22.598798939237543,Bright
52.742498099199594,29.148424182860317,17.556977771268926,Edgy
177.06554108054513,47.35749459276559,9.097621294437992,Bright
82.1938351312704,44.454944641459115,74.18537203085017,Bright
18.132787629194496,32.67306713005782,15.879222056036063,Edgy
13.185088905848033,23.424530665198333,38.69914696855943,Bright
128.7812688657292,60.22466611686818,41.84553783314857,Edgy
123.2652174449562,3.858560450210007,134.4342757352098,Bright
215.96738607861732,42.70872420663195,74.85834372572316,Dark
178.91477896228525,60.837690448657746,16.26466167656048,Bright
235.18850819660324,26.044133829791505,10.264512471228393,Edgy
163.65498924215657,56.03527280102441,66.10264704857866,Dark
149.86894527589985,67.66784459023575,74.6404239951771,Dark
131.28589637946507,58.39687236459664,69.10063812189482,Bright
81.63556671541826,16.363471883901575,22.4567305268621,Edgy
160.4271147569628,15.893052499624893,16.520542515792513,Edgy
11.91907288104234,61.17964538278344,17.91740429886059,Bright
111.9530866183437,63.029098195940726,79.12361340258852,Dark
57.11142052534889,71.73047877215626,38.89657951409356,Bright
180.56151625040323,94.22645533638969,30.736156189290725,Bright
70.58007531589578,25.03693350041491,75.72330174845355,Bright
177.63204831955272,29.751907282235557,27.43036811682651,Edgy
178.08386845256348,81.74643654058015,26.298537764086348,Bright
59.46303133313421,33.29357665773966,17.798221407680096,Edgy
38.14350034998739,46.854827284269966,26.602860445110267,Bright
57.9694750366378,66.03536095464483,0.5989660368384335,Edgy
69.5481001703674,39.780163490349295,44.52831076326094,Bright
86.7701808341556,48.65192368546996,68.28520966532173,Bright
252.64328673011624,52.13752560898499,62.50006726065373,Dark
163.59930733046394,94.47253801127462,90.67835373269321,Dark
34.459766275849205,40.834006600986214,30.96030000612125,Bright
159.99283493797537,90.0005690871017,93.11705498687392,Bright
154.78417325161726,56.72536465294334,70.58485291353016,Dark
43.698733857766854,11.600195446271691,61.21322730094765,Bright
65.75216229451402,26.803380283367055,20.87625063561215,Edgy
0.0,41.31379930443814,13.08691937578913,Edgy
172.1221609464397,68.62017719036255,36.16695075263111,Bright
176.5819672653959,110.36346154394938,49.40110008919863,Bright
148.89792581201635,17.28463162916644,18.45088210897321,Edgy
160.09384324009872,104.77507732492492,99.17639809631766,Dark
60.5295823152732,105.12640947632431,12.076343179029188,Dark
86.93662388094356,8.572245221888167,34.49964456639669,Edgy
52.629476408679736,55.84525022670849,39.511263750971864,Edgy
39.45166238745378,61.05961664418311,86.75751680551218,Dark
81.74569843742269,30.87714267913302,72.53764711963638,Bright
97.79147150041148,107.50833909745042,15.904355277442114,Dark
184.27346092154372,63.45238352849355,0.0,Bright
136.83306724500284,65.42608842134402,18.303851414629047,Dark
218.0863647013159,86.71587906834418,80.59905187248586,Dark
93.32149051025678,20.722148781997873,20.69717359130567,Edgy
9.964768618540091,95.72579093297742,41.68233767795543,Dark
181.3191677516115,117.26889448736506,102.06491528349589,Dark
213.41852233444286,60.388220322382544,74.00234829403558,Dark
160.72294071348153,52.032137076252894,66.00100946583004,Bright
51.15823793321621,20.542285632603146,27.566084736840434,Edgy
230.70275173430076,74.9358966391344,93.75724543057053,Dark
104.03214766966144,14.343795934678482,105.10678616464037,Bright
64.09301526265966,0.0,91.05320765346816,Bright
59.85800823626272,63.974844483595014,34.80840626348589,Dark
123.86606434678126,32.582672998238145,17.434594757588705,Edgy
241.49097849709875,3.107856386868413,9.359956572212354,Edgy
20.76496888903823,56.69435641076089,32.59607063043835,Dark
79.29074774610592,44.285237253472026,12.015524266655362,Edgy
173.83199679410524,90.11182719298563,45.143474803880814,Bright
189.7379398482272,90.35460609756942,0.0,Bright
121.31032443450246,15.561670973536827,28.72649620389651,Edgy
126.45355132429064,48.875706461146194,35.576787845047704,Edgy
39.75805356364866,27.723173427758695,42.941535207632754,Bright
0.0,61.46272857327844,24.87978080382938,Dark
119.7110836733185,66.12428687435519,24.985779898413078,Dark
215.2974088906197,11.628289862598763,6.991506309137712,Edgy
183.682145563785,25.337025296349445,21.694227479664132,Edgy
121.7820205113495,55.794899236699145,73.01920766020626,Bright
89.79429587183398,62.77103276448349,65.82826472815283,Bright
64.55621071080434,13.96239202891303,72.03374509949613,Bright
121.15407385014592,92.49161916507595,76.98176030082466,Dark
181.24766092260154,73.35359473293404,12.19086582609036,Bright
173.25163697313667,28.487527056514423,13.385947526604284,Bright
28.959188381270607,6.30779470271073,59.67865499372698,Bright
